"Date","Price","Open","High","Low","Vol.","Change %"
"17-07-2025","99.6990","99.9300","99.9300","99.6820","","-0.23%"
"16-07-2025","99.9260","99.7485","100.6830","99.4985","","0.17%"
"15-07-2025","99.7575","100.3555","100.4535","99.6800","","-0.57%"
"14-07-2025","100.3340","100.0505","100.6135","99.9860","","0.10%"
"13-07-2025","100.2380","100.2380","100.2380","100.2380","","-0.09%"
"11-07-2025","100.3295","100.3345","100.5415","100.0055","","0.00%"
"10-07-2025","100.3300","100.3915","100.7045","99.9790","","-0.10%"
"09-07-2025","100.4255","100.5575","100.6425","100.2135","","-0.13%"
"08-07-2025","100.5535","100.4210","100.8300","100.1965","","0.14%"
"07-07-2025","100.4125","100.7020","101.0320","100.2630","","-0.29%"
"04-07-2025","100.7060","100.4430","100.7845","100.4090","","0.27%"
"03-07-2025","100.4390","101.0245","101.1275","100.0450","","-0.58%"
"02-07-2025","101.0245","101.0990","101.1360","100.6155","","-0.07%"
"01-07-2025","101.0990","101.0145","101.1990","100.6575","","0.08%"
"30-06-2025","101.0190","100.1065","101.0415","100.0405","","0.86%"
"27-06-2025","100.1530","100.1645","100.4880","99.9045","","-0.05%"
"26-06-2025","100.2035","100.3140","100.6595","100.0525","","-0.11%"
"25-06-2025","100.3180","99.7760","100.4045","99.6205","","0.54%"
"24-06-2025","99.7760","100.2335","100.5150","99.6645","","-0.46%"
"23-06-2025","100.2335","99.3980","100.2770","99.1775","","0.47%"
"20-06-2025","99.7615","99.8230","100.0750","99.5695","","-0.06%"
"19-06-2025","99.8230","99.2520","99.8710","98.9695","","0.60%"
"18-06-2025","99.2305","99.0965","99.6615","99.0150","","0.14%"
"17-06-2025","99.0965","99.2975","99.9165","99.0450","","-0.16%"
"16-06-2025","99.2545","99.2830","99.7710","99.1900","","-0.22%"
"13-06-2025","99.4770","99.1195","99.6230","98.7345","","0.33%"
"12-06-2025","99.1450","98.2190","99.5565","98.1550","","0.98%"
"11-06-2025","98.1810","97.8110","98.2830","97.4855","","0.40%"
"10-06-2025","97.7940","97.8435","97.9615","97.4110","","-0.06%"
"09-06-2025","97.8520","97.7910","98.0290","97.5805","","0.10%"
"06-06-2025","97.7525","98.2335","98.3855","97.5200","","-0.49%"
"05-06-2025","98.2380","98.0475","98.5995","97.7770","","0.19%"
"04-06-2025","98.0475","97.4635","98.2015","97.4260","","0.60%"
"03-06-2025","97.4590","97.6525","97.7780","97.3745","","-0.21%"
"02-06-2025","97.6610","97.0105","97.7385","96.9850","","0.63%"
"30-05-2025","97.0530","97.0825","97.2635","96.7530","","-0.09%"
"29-05-2025","97.1380","96.4830","97.2490","95.7485","","0.71%"
"28-05-2025","96.4575","96.6655","96.9845","96.3680","","-0.22%"
"27-05-2025","96.6695","96.8975","97.2430","96.6140","","-0.24%"
"26-05-2025","96.8975","96.8335","97.2890","96.6720","","0.07%"
"23-05-2025","96.8290","97.0060","97.3610","96.4515","","-0.18%"
"22-05-2025","97.0060","97.0015","97.4405","96.7865","","0.01%"
"21-05-2025","96.9935","96.5150","97.2670","96.4885","","0.50%"
"20-05-2025","96.5150","95.9615","96.5450","95.8125","","0.53%"
"19-05-2025","96.0080","95.5080","96.4565","95.4995","","0.59%"
"16-05-2025","95.4475","95.7125","96.0905","95.1660","","-0.28%"
"15-05-2025","95.7170","95.4460","96.1335","95.3945","","0.30%"
"14-05-2025","95.4290","95.3795","96.0745","95.0635","","0.05%"
"13-05-2025","95.3835","94.1030","95.4645","93.9870","","1.35%"
"12-05-2025","94.1155","95.8155","96.0290","93.9250","","-2.03%"
"09-05-2025","96.0675","96.0395","96.4410","95.9065","","0.03%"
"08-05-2025","96.0395","95.7355","96.8660","95.6525","","0.29%"
"07-05-2025","95.7650","95.8505","96.4855","95.4755","","-0.10%"
"06-05-2025","95.8590","95.3750","95.9515","95.0800","","0.51%"
"05-05-2025","95.3750","95.5360","95.8445","95.2315","","-0.11%"
"02-05-2025","95.4815","95.5230","96.1200","94.7180","","-0.04%"
"01-05-2025","95.5230","95.8375","95.9805","95.2990","","-0.33%"
"30-04-2025","95.8375","96.9525","97.0835","95.7405","","-1.15%"
"29-04-2025","96.9525","97.2730","97.3320","96.7625","","-0.33%"
"28-04-2025","97.2730","97.0700","97.2980","96.3945","","0.24%"
"25-04-2025","97.0400","97.1815","97.2315","96.3235","","-0.15%"
"24-04-2025","97.1815","96.5735","97.2665","96.5610","","0.63%"
"23-04-2025","96.5735","97.2925","97.7825","96.3215","","-0.73%"
"22-04-2025","97.2795","98.0805","98.2875","97.2500","","-0.78%"
"21-04-2025","98.0480","97.3180","98.5045","97.3140","","0.76%"
"18-04-2025","97.3120","97.0630","97.4115","97.0160","","0.30%"
"17-04-2025","97.0170","97.5580","97.6860","96.8100","","-0.55%"
"16-04-2025","97.5520","96.7050","97.7120","96.6835","","0.93%"
"15-04-2025","96.6570","97.6605","97.7725","96.5425","","-0.99%"
"14-04-2025","97.6250","97.3025","98.3540","97.2330","","-0.29%"
"11-04-2025","97.9120","96.5565","98.7925","96.4490","","1.46%"
"10-04-2025","96.5070","94.9055","96.9015","94.5355","","1.70%"
"09-04-2025","94.8900","94.5170","96.1575","94.4435","","0.43%"
"08-04-2025","94.4850","93.6495","94.6855","93.6495","","0.93%"
"07-04-2025","93.6150","93.1930","94.7575","93.0820","","-0.06%"
"04-04-2025","93.6670","94.2455","94.6750","93.4325","","-0.56%"
"03-04-2025","94.1980","92.7765","95.1085","92.3450","","1.55%"
"02-04-2025","92.7560","92.3710","93.3705","92.1920","","0.43%"
"01-04-2025","92.3560","92.4460","92.6815","92.2780","","-0.08%"
"31-03-2025","92.4310","92.5700","92.7800","92.1670","","-0.19%"
"28-03-2025","92.6080","92.5145","92.7395","92.0070","","0.12%"
"27-03-2025","92.5000","92.1065","92.6975","91.9265","","0.47%"
"26-03-2025","92.0640","92.3825","92.6640","92.0250","","-0.31%"
"25-03-2025","92.3530","92.4285","92.8315","92.3485","","-0.06%"
"24-03-2025","92.4050","92.9475","93.2230","92.2630","","-0.63%"
"21-03-2025","92.9900","93.6895","93.7565","92.8945","","-0.72%"
"20-03-2025","93.6660","94.1145","94.3055","93.4000","","-0.45%"
"19-03-2025","94.0870","94.6965","94.8245","93.7480","","-0.61%"
"18-03-2025","94.6680","94.7025","94.8645","94.3090","","-0.01%"
"17-03-2025","94.6740","94.5710","94.7855","94.3645","","0.10%"
"14-03-2025","94.5830","94.3350","94.8575","94.1490","","0.30%"
"13-03-2025","94.3010","94.8995","95.0140","94.2055","","-0.60%"
"12-03-2025","94.8710","95.2220","95.3220","94.8170","","-0.32%"
"11-03-2025","95.1790","94.5810","95.4660","94.5375","","0.66%"
"10-03-2025","94.5530","94.3835","94.9445","94.3110","","0.22%"
"07-03-2025","94.3470","93.8625","94.8150","93.8365","","0.56%"
"06-03-2025","93.8240","93.7590","94.4555","93.6970","","0.10%"
"05-03-2025","93.7260","92.7505","93.8200","92.4290","","1.11%"
"04-03-2025","92.7000","91.5245","92.7640","91.4240","","1.31%"
"03-03-2025","91.5010","90.8125","91.6745","90.7575","","0.83%"
"28-02-2025","90.7460","90.8250","91.0990","90.5670","","-0.06%"
"27-02-2025","90.7970","91.3625","91.5540","90.8075","","-0.57%"
"26-02-2025","91.3210","91.6145","91.7505","91.2455","","-0.30%"
"25-02-2025","91.6000","90.7260","91.6755","90.6700","","0.99%"
"24-02-2025","90.6980","90.8690","91.1925","90.5960","","0.18%"
"21-02-2025","90.5370","90.9265","91.0245","90.4795","","-0.39%"
"20-02-2025","90.8890","90.5630","90.9525","90.3040","","0.38%"
"19-02-2025","90.5480","90.7440","90.9000","90.3800","","-0.20%"
"18-02-2025","90.7330","91.0440","91.0890","90.6745","","-0.29%"
"17-02-2025","90.9930","90.8660","91.1510","90.8055","","0.13%"
"14-02-2025","90.8730","90.7270","91.0915","90.6495","","0.18%"
"13-02-2025","90.7120","90.2730","90.7535","89.9385","","0.55%"
"12-02-2025","90.2200","89.9275","90.6470","89.4650","","0.34%"
"11-02-2025","89.9130","90.1660","90.2015","89.2530","","-0.26%"
"10-02-2025","90.1460","90.4945","90.6940","90.1090","","-0.38%"
"07-02-2025","90.4920","90.9440","91.1175","90.3280","","-0.47%"
"06-02-2025","90.9170","90.8520","91.0570","90.6710","","0.08%"
"05-02-2025","90.8470","90.3630","91.2485","90.3235","","0.55%"
"04-02-2025","90.3530","89.9665","90.4665","89.4875","","0.45%"
"03-02-2025","89.9510","89.0540","90.0140","88.3875","","0.31%"
"31-01-2025","89.6690","89.9530","90.3265","89.5905","","-0.28%"
"30-01-2025","89.9200","90.2830","90.6225","89.9140","","-0.39%"
"29-01-2025","90.2680","90.3165","90.4350","89.8815","","-0.02%"
"28-01-2025","90.2900","90.6130","90.6305","90.0605","","-0.33%"
"27-01-2025","90.5900","90.4000","90.9100","90.1970","","0.15%"
"24-01-2025","90.4500","90.0405","90.7190","90.0100","","0.48%"
"23-01-2025","90.0170","89.9870","90.2365","89.6890","","0.05%"
"22-01-2025","89.9690","90.1655","90.3085","89.8455","","-0.21%"
"21-01-2025","90.1610","89.8045","90.2730","89.2585","","0.43%"
"20-01-2025","89.7780","88.9655","89.9825","88.8790","","0.97%"
"17-01-2025","88.9170","89.1995","89.4085","88.9030","","-0.26%"
"16-01-2025","89.1500","88.8825","89.3250","88.8415","","0.31%"
"15-01-2025","88.8760","89.1950","89.4830","88.6340","","-0.34%"
"14-01-2025","89.1810","88.7735","89.2255","88.6250","","0.47%"
"13-01-2025","88.7600","88.2725","88.8155","88.0725","","0.56%"
"10-01-2025","88.2670","88.4855","88.7010","88.0090","","-0.21%"
"09-01-2025","88.4500","88.6630","88.6890","88.3570","","-0.22%"
"08-01-2025","88.6490","88.7255","88.9160","88.2820","","-0.07%"
"07-01-2025","88.7120","89.0610","89.4720","88.6665","","-0.37%"
"06-01-2025","89.0420","88.3645","89.3925","88.2960","","0.72%"
"03-01-2025","88.4020","88.0385","88.4510","87.9830","","0.43%"
"02-01-2025","88.0240","88.6780","88.9830","87.6870","","-0.75%"
"01-01-2025","88.6850","88.6070","88.7335","88.5770","","0.13%"
"31-12-2024","88.5740","88.9815","89.2470","88.5260","","-0.43%"
"30-12-2024","88.9530","89.0905","89.3960","88.6820","","-0.09%"
"27-12-2024","89.0340","88.8655","89.3750","88.7370","","0.20%"
"26-12-2024","88.8520","88.6280","88.9250","88.5470","","0.24%"
"25-12-2024","88.6400","88.5710","88.7390","88.5620","","0.09%"
"24-12-2024","88.5570","88.5465","88.6675","88.4250","","0.02%"
"23-12-2024","88.5410","88.5625","88.8630","88.3870","","-0.06%"
"20-12-2024","88.5910","88.2050","88.7610","88.0055","","0.48%"
"19-12-2024","88.1680","87.8910","88.6880","87.8400","","0.36%"
"18-12-2024","87.8540","89.0760","89.2935","87.8150","","-1.35%"
"17-12-2024","89.0540","89.2610","89.4410","88.9690","","-0.18%"
"16-12-2024","89.2190","89.0245","89.3545","88.9135","","0.20%"
"13-12-2024","89.0380","88.8000","89.2495","88.6570","","0.28%"
"12-12-2024","88.7860","89.0255","89.3755","88.7805","","-0.21%"
"11-12-2024","88.9750","89.3630","89.4770","88.8935","","-0.41%"
"10-12-2024","89.3450","89.5620","89.6805","89.1165","","-0.19%"
"09-12-2024","89.5120","89.4440","89.8925","89.2380","","0.04%"
"06-12-2024","89.4770","89.6800","89.9970","89.2965","","-0.19%"
"05-12-2024","89.6460","89.0495","89.7010","89.0050","","0.71%"
"04-12-2024","89.0120","88.9995","89.3450","88.7635","","0.03%"
"03-12-2024","88.9860","88.9710","89.2395","88.8190","","0.04%"
"02-12-2024","88.9520","89.4435","89.5450","88.6375","","-0.52%"
"29-11-2024","89.4210","89.1645","89.5535","89.1085","","0.34%"
"28-11-2024","89.1150","89.2025","89.2360","88.9495","","-0.06%"
"27-11-2024","89.1710","88.4390","89.3840","88.3905","","0.84%"
"26-11-2024","88.4250","88.4330","88.9105","87.9070","","0.00%"
"25-11-2024","88.4220","88.3995","88.7285","88.0525","","0.51%"
"22-11-2024","87.9720","88.5095","88.7135","87.3245","","-0.59%"
"21-11-2024","88.4920","88.9565","89.1290","88.4140","","-0.50%"
"20-11-2024","88.9410","89.4130","89.5525","88.6515","","-0.53%"
"19-11-2024","89.4110","89.4625","89.4865","88.8465","","-0.03%"
"18-11-2024","89.4370","88.9460","89.5380","88.8570","","0.50%"
"15-11-2024","88.9910","88.9595","89.4310","88.7910","","0.06%"
"14-11-2024","88.9370","89.1825","89.3635","88.6730","","-0.26%"
"13-11-2024","89.1690","89.6475","89.9120","89.1005","","-0.52%"
"12-11-2024","89.6370","89.9185","90.0215","89.3975","","-0.29%"
"11-11-2024","89.8970","90.4220","90.5460","89.7015","","-0.62%"
"08-11-2024","90.4550","91.0885","91.1105","90.1645","","-0.68%"
"07-11-2024","91.0700","90.4670","91.2420","90.3165","","0.69%"
"06-11-2024","90.4480","91.9450","92.0030","90.0895","","-1.61%"
"05-11-2024","91.9310","91.5525","91.9980","91.4665","","0.46%"
"04-11-2024","91.5080","91.4255","91.8000","91.3885","","0.47%"
"01-11-2024","91.0840","91.5135","91.6500","91.0630","","-0.44%"
"31-10-2024","91.4840","91.2880","91.5790","91.1735","","0.23%"
"30-10-2024","91.2770","90.9455","91.4185","90.8835","","0.39%"
"29-10-2024","90.9250","90.9010","91.0415","90.5230","","0.04%"
"28-10-2024","90.8860","90.8030","91.0290","90.6425","","0.13%"
"25-10-2024","90.7640","91.0175","91.1420","90.7600","","-0.26%"
"24-10-2024","91.0010","90.6670","91.0385","90.5355","","0.42%"
"23-10-2024","90.6210","90.7980","90.8755","90.4810","","-0.16%"
"22-10-2024","90.7700","90.9365","91.1420","90.7430","","-0.17%"
"21-10-2024","90.9220","91.3085","91.4050","90.8990","","-0.46%"
"18-10-2024","91.3450","91.0520","91.3805","90.9685","","0.36%"
"17-10-2024","91.0180","91.2845","91.3860","90.8745","","-0.27%"
"16-10-2024","91.2650","91.5390","91.6000","91.2130","","-0.28%"
"15-10-2024","91.5200","91.7145","91.7855","91.4630","","-0.18%"
"14-10-2024","91.6850","91.9530","91.9660","91.5420","","-0.32%"
"11-10-2024","91.9810","91.7825","92.1220","91.7625","","0.21%"
"10-10-2024","91.7880","91.8440","91.9935","91.5015","","-0.05%"
"09-10-2024","91.8330","92.2060","92.2145","91.8140","","-0.37%"
"08-10-2024","92.1720","92.1875","92.3415","92.0425","","0.01%"
"07-10-2024","92.1600","92.2290","92.2920","91.9745","","-0.07%"
"04-10-2024","92.2240","92.6685","92.7195","91.9955","","-0.45%"
"03-10-2024","92.6410","92.7005","92.7950","92.4990","","-0.05%"
"02-10-2024","92.6900","92.8675","93.0765","92.6295","","-0.18%"
"01-10-2024","92.8610","93.2920","93.4140","92.7135","","-0.42%"
"30-09-2024","93.2530","93.4230","93.9350","93.1115","","-0.21%"
"27-09-2024","93.4450","93.4670","93.7295","93.0810","","0.01%"
"26-09-2024","93.4320","93.0835","93.5760","93.0570","","0.40%"
"25-09-2024","93.0640","93.4715","93.7195","92.9980","","-0.43%"
"24-09-2024","93.4650","92.8340","93.4845","92.7495","","0.70%"
"23-09-2024","92.8190","93.1960","93.2800","92.5820","","-0.39%"
"20-09-2024","93.1860","93.3475","93.4200","92.9920","","-0.15%"
"19-09-2024","93.3280","93.0175","93.5615","92.6770","","0.35%"
"18-09-2024","93.0020","93.1110","93.6115","92.8290","","-0.07%"
"17-09-2024","93.0680","93.3505","93.3885","93.0820","","-0.28%"
"16-09-2024","93.3310","92.9275","93.3885","92.8945","","0.46%"
"13-09-2024","92.9050","92.9400","93.1475","92.8830","","-0.03%"
"12-09-2024","92.9330","92.4675","92.9525","92.4135","","0.52%"
"11-09-2024","92.4480","92.5335","92.8395","92.4125","","-0.06%"
"10-09-2024","92.5030","92.6450","92.8055","92.4955","","-0.11%"
"09-09-2024","92.6060","93.0625","93.1465","92.6280","","-0.51%"
"06-09-2024","93.0810","93.3110","93.6510","92.8970","","-0.21%"
"05-09-2024","93.2810","93.0515","93.3745","92.9920","","0.25%"
"04-09-2024","93.0440","92.7210","93.1675","92.6735","","0.36%"
"03-09-2024","92.7060","92.8770","92.9555","92.5745","","-0.17%"
"02-09-2024","92.8640","92.6535","92.9600","92.6030","","0.23%"
"30-08-2024","92.6480","92.9205","93.0580","92.6025","","-0.29%"
"29-08-2024","92.9140","93.3055","93.4590","92.7220","","-0.41%"
"28-08-2024","93.2970","93.8565","93.9255","93.1880","","-0.58%"
"27-08-2024","93.8450","93.5850","93.9105","93.5685","","0.29%"
"26-08-2024","93.5740","93.7710","93.8880","93.5495","","-0.22%"
"23-08-2024","93.7820","93.2785","93.8935","93.1630","","0.56%"
"22-08-2024","93.2630","93.5265","93.7475","93.1540","","-0.26%"
"21-08-2024","93.5070","93.2080","93.7235","93.1410","","0.31%"
"20-08-2024","93.2140","92.9630","93.2290","92.7400","","0.29%"
"19-08-2024","92.9480","92.4805","92.9715","92.4675","","0.48%"
"16-08-2024","92.5030","92.1140","92.5305","92.0815","","0.45%"
"15-08-2024","92.0910","92.4675","92.5085","91.9545","","-0.40%"
"14-08-2024","92.4570","92.2535","92.7375","92.1735","","0.25%"
"13-08-2024","92.2250","91.7590","92.3080","91.6270","","0.52%"
"12-08-2024","91.7440","91.6315","91.8325","91.5935","","0.12%"
"09-08-2024","91.6340","91.7155","91.7880","91.5775","","-0.07%"
"08-08-2024","91.7000","91.6495","91.9090","91.3775","","0.10%"
"07-08-2024","91.6110","91.7590","91.7855","91.5245","","-0.14%"
"06-08-2024","91.7350","92.0555","92.1350","91.4905","","-0.31%"
"05-08-2024","92.0170","91.5290","92.6365","91.3050","","0.65%"
"02-08-2024","91.4190","90.3255","91.5480","90.3005","","1.20%"
"01-08-2024","90.3310","90.6270","90.6890","90.2150","","-0.30%"
"31-07-2024","90.6040","90.5580","90.7945","90.3980","","0.07%"
"30-07-2024","90.5430","90.6335","90.7470","90.3900","","-0.07%"
"29-07-2024","90.6070","90.9645","91.0050","90.4575","","-0.29%"
"26-07-2024","90.8680","90.8270","90.9980","90.7515","","0.09%"
"25-07-2024","90.7860","90.7570","91.0360","90.6245","","0.07%"
"24-07-2024","90.7250","90.8315","90.9775","90.5980","","-0.08%"
"23-07-2024","90.7970","91.1220","91.1530","90.7440","","-0.33%"
"22-07-2024","91.0960","91.1055","91.2940","90.9585","","0.03%"
"19-07-2024","91.0670","91.0795","91.2085","90.9610","","0.01%"
"18-07-2024","91.0600","91.4305","91.5140","91.0545","","-0.38%"
"17-07-2024","91.4110","91.0430","91.4920","91.0100","","0.43%"
"16-07-2024","91.0160","91.0380","91.1770","90.8520","","0.00%"
"15-07-2024","91.0200","90.9345","91.3180","90.8875","","-0.06%"
"12-07-2024","91.0790","90.7605","91.1695","90.7075","","0.36%"
"11-07-2024","90.7560","90.4560","91.0235","90.4230","","0.35%"
"10-07-2024","90.4410","90.2850","90.4645","90.2460","","0.22%"
"09-07-2024","90.2420","90.4330","90.4540","90.2130","","-0.14%"
"08-07-2024","90.3640","90.2615","90.5565","90.2035","","-0.13%"
"05-07-2024","90.4810","90.2825","90.5540","90.2405","","0.26%"
"04-07-2024","90.2450","90.1080","90.3275","90.0530","","0.19%"
"03-07-2024","90.0760","89.7145","90.2825","89.6545","","0.41%"
"02-07-2024","89.7120","89.6505","89.7565","89.4125","","0.13%"
"01-07-2024","89.5960","89.4410","89.9060","89.4330","","0.33%"
"28-06-2024","89.2980","89.3125","89.4140","89.1120","","0.00%"
"27-06-2024","89.2950","89.2525","89.5225","89.1555","","0.07%"
"26-06-2024","89.2340","89.3835","89.4595","89.1245","","-0.13%"
"25-06-2024","89.3500","89.6025","89.6590","89.1715","","-0.23%"
"24-06-2024","89.5590","89.3120","89.6685","89.2335","","0.25%"
"21-06-2024","89.3320","89.5005","89.6525","89.1700","","-0.16%"
"20-06-2024","89.4730","89.6805","89.7645","89.4930","","-0.21%"
"19-06-2024","89.6610","89.5125","89.7430","89.4400","","0.20%"
"18-06-2024","89.4800","89.6440","89.7185","89.3330","","-0.17%"
"17-06-2024","89.6290","89.4170","89.7310","89.2560","","0.26%"
"14-06-2024","89.3950","89.7075","89.7875","89.1140","","-0.32%"
"13-06-2024","89.6800","90.1905","90.3745","89.6620","","-0.54%"
"12-06-2024","90.1630","89.8300","90.5815","89.6870","","0.43%"
"11-06-2024","89.7780","89.9035","89.9950","89.5880","","-0.10%"
"10-06-2024","89.8710","90.1830","90.1870","89.6260","","-0.37%"
"07-06-2024","90.2030","90.9125","90.9900","90.1605","","-0.74%"
"06-06-2024","90.8770","90.6245","91.0320","90.6165","","0.31%"
"05-06-2024","90.5990","90.8995","90.9910","90.4950","","-0.28%"
"04-06-2024","90.8570","90.6195","91.0595","90.5895","","0.31%"
"03-06-2024","90.5770","90.5530","90.6365","89.9995","","0.15%"
"31-05-2024","90.4400","90.2400","90.7435","90.0420","","0.27%"
"30-05-2024","90.1920","90.0510","90.3495","89.9705","","0.21%"
"29-05-2024","90.0070","90.3085","90.5565","90.0305","","-0.29%"
"28-05-2024","90.2700","90.2705","90.5970","90.2205","","0.04%"
"27-05-2024","90.2320","90.1545","90.3560","90.0600","","0.17%"
"24-05-2024","90.0790","90.0305","90.2280","89.8270","","0.08%"
"23-05-2024","90.0070","90.0850","90.4215","89.9475","","-0.05%"
"22-05-2024","90.0520","90.3760","90.4960","90.0355","","-0.32%"
"21-05-2024","90.3430","90.4610","90.6175","90.2975","","-0.06%"
"20-05-2024","90.4000","90.5215","90.6550","90.4105","","-0.14%"
"17-05-2024","90.5250","90.6930","90.7730","90.3000","","-0.16%"
"16-05-2024","90.6680","90.8030","90.8950","90.6080","","-0.11%"
"15-05-2024","90.7680","90.3285","90.8225","90.2990","","0.51%"
"14-05-2024","90.3110","90.0475","90.4030","89.9155","","0.30%"
"13-05-2024","90.0370","90.0080","90.2425","89.9150","","0.08%"
"10-05-2024","89.9650","89.9755","90.1305","89.8515","","0.01%"
"09-05-2024","89.9580","89.7070","90.0005","89.5360","","0.30%"
"08-05-2024","89.6880","89.7605","89.8240","89.6315","","-0.06%"
"07-05-2024","89.7420","89.9240","90.0565","89.7160","","-0.17%"
"06-05-2024","89.8910","89.7350","90.1170","89.6720","","0.22%"
"03-05-2024","89.6960","89.5300","90.1165","89.4260","","0.24%"
"02-05-2024","89.4840","89.4020","89.5635","89.0990","","0.12%"
"01-05-2024","89.3810","89.0140","89.5895","88.9135","","0.44%"
"30-04-2024","88.9910","89.4650","89.5920","89.0020","","-0.47%"
"29-04-2024","89.4070","89.2020","89.5675","89.1770","","0.27%"
"26-04-2024","89.1690","89.4140","89.6070","89.0050","","-0.24%"
"25-04-2024","89.3830","89.1495","89.4760","88.9900","","0.29%"
"24-04-2024","89.1270","89.1360","89.2475","88.9625","","0.04%"
"23-04-2024","89.0900","88.8305","89.2250","88.6880","","0.33%"
"22-04-2024","88.7950","88.8560","89.0250","88.5730","","-0.02%"
"19-04-2024","88.8100","88.9240","89.0735","88.7070","","-0.10%"
"18-04-2024","88.9010","89.2920","89.3045","88.8950","","-0.41%"
"17-04-2024","89.2630","88.8475","89.3505","88.7850","","0.52%"
"16-04-2024","88.7970","88.7230","89.0895","88.5135","","0.14%"
"15-04-2024","88.6770","88.8880","89.0430","88.6725","","-0.25%"
"12-04-2024","88.9030","89.3880","89.4515","88.7630","","-0.51%"
"11-04-2024","89.3560","89.6010","89.6535","89.1780","","-0.23%"
"10-04-2024","89.5600","90.3225","90.4285","89.4455","","-0.81%"
"09-04-2024","90.2940","90.4390","90.5645","90.2390","","-0.12%"
"08-04-2024","90.4060","90.3445","90.4550","90.1270","","0.18%"
"05-04-2024","90.2480","90.3345","90.4720","89.9560","","-0.06%"
"04-04-2024","90.2990","90.4670","90.7195","90.2965","","-0.20%"
"03-04-2024","90.4760","89.7840","90.5045","89.7130","","0.84%"
"02-04-2024","89.7210","89.5875","89.8550","89.3810","","0.19%"
"01-04-2024","89.5540","89.9340","90.0300","89.4790","","-0.43%"
"29-03-2024","89.9430","89.9665","90.0880","89.7600","","0.03%"
"28-03-2024","89.9120","90.2160","90.2820","89.8365","","-0.29%"
"27-03-2024","90.1740","90.2585","90.3965","90.0785","","-0.06%"
"26-03-2024","90.2240","90.4010","90.5060","90.1870","","-0.17%"
"25-03-2024","90.3780","90.3410","90.4660","90.2045","","0.08%"
"22-03-2024","90.3100","90.3565","90.5875","90.0690","","-0.02%"
"21-03-2024","90.3270","90.8550","90.9615","90.3115","","-0.56%"
"20-03-2024","90.8330","90.2085","90.8845","90.0910","","0.72%"
"19-03-2024","90.1870","90.1645","90.2480","89.9555","","0.07%"
"18-03-2024","90.1210","90.2900","90.4260","90.0980","","-0.13%"
"15-03-2024","90.2350","90.2665","90.3640","90.1275","","0.02%"
"14-03-2024","90.2200","90.6835","90.7480","90.2340","","-0.47%"
"13-03-2024","90.6460","90.4605","90.8285","90.4255","","0.23%"
"12-03-2024","90.4350","90.3835","90.5840","90.2470","","0.06%"
"11-03-2024","90.3800","90.5550","90.6070","90.2855","","-0.11%"
"08-03-2024","90.4820","90.5400","90.7925","90.3280","","-0.02%"
"07-03-2024","90.5020","90.2325","90.5680","89.8965","","0.33%"
"06-03-2024","90.2050","90.0000","90.3950","89.8740","","0.25%"
"05-03-2024","89.9780","90.0140","90.1630","89.8610","","-0.01%"
"04-03-2024","89.9870","89.8260","90.0960","89.7925","","0.24%"
"01-03-2024","89.7750","89.5720","89.8595","89.4790","","0.24%"
"29-02-2024","89.5570","89.8575","90.0140","89.4850","","-0.30%"
"28-02-2024","89.8300","89.9020","89.9705","89.5285","","-0.05%"
"27-02-2024","89.8720","89.9095","90.0770","89.7810","","-0.01%"
"26-02-2024","89.8800","89.7330","90.0080","89.6115","","0.27%"
"23-02-2024","89.6370","89.6680","89.8755","89.6030","","-0.02%"
"22-02-2024","89.6540","89.7025","90.2565","89.5280","","-0.06%"
"21-02-2024","89.7050","89.5850","89.7630","89.4865","","0.18%"
"20-02-2024","89.5460","89.4990","89.8910","89.3135","","0.08%"
"19-02-2024","89.4770","89.4645","89.5810","89.3445","","0.04%"
"16-02-2024","89.4380","89.4060","89.5675","89.0840","","0.06%"
"15-02-2024","89.3860","89.0760","89.5430","89.0065","","0.35%"
"14-02-2024","89.0710","88.9950","89.1365","88.8030","","0.11%"
"13-02-2024","88.9690","89.3725","89.6105","88.9025","","-0.44%"
"12-02-2024","89.3590","89.4880","89.6905","89.2625","","-0.15%"
"09-02-2024","89.4910","89.4470","89.6275","89.3410","","0.08%"
"08-02-2024","89.4170","89.3885","89.5525","89.1415","","0.05%"
"07-02-2024","89.3750","89.3390","89.4980","89.2395","","0.06%"
"06-02-2024","89.3250","89.2110","89.3900","89.0495","","0.16%"
"05-02-2024","89.1810","89.5120","89.5790","89.0735","","-0.36%"
"02-02-2024","89.5060","90.1850","90.3745","89.4960","","-0.73%"
"01-02-2024","90.1630","89.8790","90.2310","89.4405","","0.32%"
"31-01-2024","89.8760","90.1490","90.4035","89.6625","","-0.29%"
"30-01-2024","90.1350","90.0645","90.2425","89.8585","","0.08%"
"29-01-2024","90.0590","90.1645","90.2255","89.7395","","-0.15%"
"26-01-2024","90.1960","90.1830","90.4745","89.8970","","0.02%"
"25-01-2024","90.1780","90.4925","90.6265","89.9345","","-0.32%"
"24-01-2024","90.4700","90.2605","90.8320","90.1815","","0.31%"
"23-01-2024","90.1930","90.4430","90.7115","89.9565","","-0.25%"
"22-01-2024","90.4210","90.5070","90.6995","90.4100","","-0.13%"
"19-01-2024","90.5390","90.4515","90.5650","90.3120","","0.12%"
"18-01-2024","90.4340","90.5430","90.6900","90.2015","","-0.08%"
"17-01-2024","90.5100","90.3510","90.5365","90.1985","","0.18%"
"16-01-2024","90.3460","90.7010","90.7175","90.2420","","-0.37%"
"15-01-2024","90.6790","90.7710","90.8850","90.6015","","-0.05%"
"12-01-2024","90.7200","91.1420","91.2805","90.6595","","-0.44%"
"11-01-2024","91.1200","91.1070","91.2670","90.7975","","0.04%"
"10-01-2024","91.0850","90.8560","91.1410","90.7280","","0.28%"
"09-01-2024","90.8300","90.9480","91.1055","90.6825","","-0.08%"
"08-01-2024","90.9000","90.9965","91.1840","90.7890","","-0.03%"
"05-01-2024","90.9230","91.1315","91.3850","90.4980","","-0.19%"
"04-01-2024","91.0930","90.9655","91.3380","90.9125","","0.16%"
"03-01-2024","90.9520","91.1780","91.3660","90.7360","","-0.16%"
"02-01-2024","91.0970","91.9370","92.0110","91.0820","","-0.90%"
"01-01-2024","91.9270","91.8720","91.9620","91.7725","","0.13%"
"29-12-2023","91.8080","91.9990","92.2150","91.8180","","-0.18%"
"28-12-2023","91.9770","92.4690","92.6650","91.9360","","-0.51%"
"27-12-2023","92.4460","91.8370","92.6360","91.7380","","0.68%"
"26-12-2023","91.8230","91.5610","91.8690","91.5565","","0.31%"
"25-12-2023","91.5390","91.6520","91.6770","91.4565","","-0.03%"
"22-12-2023","91.5660","91.6240","91.7920","91.4385","","-0.04%"
"21-12-2023","91.6020","90.9925","91.6625","90.9595","","0.73%"
"20-12-2023","90.9370","91.2600","91.3090","90.8965","","-0.34%"
"19-12-2023","91.2500","90.8320","91.3200","90.7220","","0.48%"
"18-12-2023","90.8100","90.5220","90.8770","90.4190","","0.41%"
"15-12-2023","90.4420","91.5930","91.6840","90.4020","","-1.22%"
"14-12-2023","91.5630","90.6400","91.6865","90.6235","","1.03%"
"13-12-2023","90.6260","90.0210","90.8360","89.8410","","0.69%"
"12-12-2023","90.0010","89.7150","90.2870","89.6715","","0.32%"
"11-12-2023","89.7100","89.7870","89.9140","89.5565","","-0.07%"
"08-12-2023","89.7740","89.9740","90.0360","89.4830","","-0.19%"
"07-12-2023","89.9440","89.7460","90.1650","89.6460","","0.29%"
"06-12-2023","89.6820","89.9575","90.0545","89.6535","","-0.29%"
"05-12-2023","89.9440","90.4060","90.4645","89.8360","","-0.50%"
"04-12-2023","90.4000","90.6510","90.7275","90.1365","","-0.23%"
"01-12-2023","90.6040","90.7870","90.9695","90.2135","","-0.14%"
"30-11-2023","90.7340","91.4510","91.5535","90.7080","","-0.75%"
"29-11-2023","91.4200","91.6130","91.8295","91.3210","","-0.19%"
"28-11-2023","91.5910","91.2850","91.7700","91.1370","","0.35%"
"27-11-2023","91.2710","91.1545","91.4040","91.0520","","0.12%"
"24-11-2023","91.1660","90.8750","91.2675","90.7850","","0.36%"
"23-11-2023","90.8360","90.7130","91.1000","90.6755","","0.18%"
"22-11-2023","90.6750","90.9275","91.0195","90.4220","","-0.23%"
"21-11-2023","90.8810","91.1540","91.4080","90.7765","","-0.28%"
"20-11-2023","91.1320","90.8500","91.2815","90.7115","","0.37%"
"17-11-2023","90.7940","90.2455","90.8830","90.1295","","0.64%"
"16-11-2023","90.2200","90.2395","90.6780","90.0910","","-0.01%"
"15-11-2023","90.2260","90.2720","90.4775","90.0810","","-0.04%"
"14-11-2023","90.2660","89.0255","90.3225","88.9605","","1.46%"
"13-11-2023","88.9690","89.0130","89.1780","88.7930","","-0.01%"
"10-11-2023","88.9820","88.8815","89.0870","88.7750","","0.13%"
"09-11-2023","88.8640","89.1015","89.3210","88.7775","","-0.26%"
"08-11-2023","89.0960","89.0530","89.2105","88.7485","","0.05%"
"07-11-2023","89.0480","89.1900","89.2485","88.7825","","-0.15%"
"06-11-2023","89.1850","89.2115","89.5220","89.1275","","-0.02%"
"03-11-2023","89.2010","88.4490","89.3730","88.3600","","0.91%"
"02-11-2023","88.3950","88.0025","88.7615","87.9775","","0.49%"
"01-11-2023","87.9650","88.0640","88.1205","87.5655","","-0.10%"
"31-10-2023","88.0520","88.3835","88.8850","87.9095","","-0.34%"
"30-10-2023","88.3530","87.9855","88.4975","87.7830","","0.45%"
"27-10-2023","87.9610","87.8950","88.2665","87.6865","","0.06%"
"26-10-2023","87.9050","87.8840","87.9570","87.5915","","0.10%"
"25-10-2023","87.8210","87.9210","88.1790","87.8280","","-0.08%"
"24-10-2023","87.8910","88.6580","88.7800","87.8450","","-0.82%"
"23-10-2023","88.6200","88.0995","88.7370","87.8950","","0.61%"
"20-10-2023","88.0810","87.9320","88.1870","87.7485","","0.18%"
"19-10-2023","87.9250","87.7565","88.2355","87.6495","","0.20%"
"18-10-2023","87.7460","88.0370","88.2100","87.6305","","-0.32%"
"17-10-2023","88.0260","87.8585","88.2095","87.6610","","0.22%"
"16-10-2023","87.8320","87.5045","87.8875","87.5045","","0.39%"
"13-10-2023","87.4930","87.6885","87.9130","87.3710","","-0.20%"
"12-10-2023","87.6710","88.3380","88.5125","87.6405","","-0.70%"
"11-10-2023","88.2910","88.2225","88.4260","87.9800","","0.13%"
"10-10-2023","88.1770","88.0025","88.3610","87.8520","","0.25%"
"09-10-2023","87.9580","87.8050","88.0525","87.5490","","-0.04%"
"06-10-2023","87.9890","87.7865","88.1395","87.2975","","0.26%"
"05-10-2023","87.7590","87.4930","87.8070","87.4050","","0.37%"
"04-10-2023","87.4370","87.1330","87.6820","86.9985","","0.41%"
"03-10-2023","87.0830","87.1595","87.2965","86.9105","","-0.06%"
"02-10-2023","87.1330","87.7510","88.0915","87.1510","","-0.72%"
"29-09-2023","87.7630","87.8720","88.2095","87.7140","","-0.04%"
"28-09-2023","87.7980","87.3895","87.9535","87.2535","","0.52%"
"27-09-2023","87.3400","87.9920","88.0835","87.2650","","-0.72%"
"26-09-2023","87.9740","88.0650","88.3410","87.9300","","-0.07%"
"25-09-2023","88.0350","88.4100","88.5575","87.9225","","-0.39%"
"22-09-2023","88.3800","88.6135","88.6510","87.9755","","-0.21%"
"21-09-2023","88.5700","88.3980","88.7445","88.0375","","0.21%"
"20-09-2023","88.3840","88.9970","89.0745","88.3110","","-0.64%"
"19-09-2023","88.9500","89.0200","89.1925","88.8790","","-0.07%"
"18-09-2023","89.0160","88.5945","89.1240","88.5735","","0.54%"
"15-09-2023","88.5360","88.3360","88.8105","88.2815","","0.23%"
"14-09-2023","88.3310","88.9875","89.2120","88.2800","","-0.72%"
"13-09-2023","88.9710","89.1075","89.3005","88.9285","","-0.13%"
"12-09-2023","89.0890","89.1365","89.2795","88.7495","","-0.01%"
"11-09-2023","89.1010","88.9720","89.2050","88.8285","","0.33%"
"08-09-2023","88.8060","88.9465","89.2155","88.7250","","-0.18%"
"07-09-2023","88.9620","89.2665","89.2945","88.9045","","-0.32%"
"06-09-2023","89.2450","89.0370","89.3710","88.9940","","0.20%"
"05-09-2023","89.0690","89.3090","89.4190","88.9260","","-0.21%"
"04-09-2023","89.2580","89.1265","89.4035","89.0670","","0.20%"
"01-09-2023","89.0810","89.6570","89.9345","89.0730","","-0.64%"
"31-08-2023","89.6570","90.2660","90.4140","89.5965","","-0.65%"
"30-08-2023","90.2400","89.8650","90.4310","89.7365","","0.46%"
"29-08-2023","89.8240","89.3535","89.9725","89.2370","","0.53%"
"28-08-2023","89.3480","89.2860","89.4375","89.2000","","0.11%"
"25-08-2023","89.2480","89.2795","89.5540","89.0025","","-0.01%"
"24-08-2023","89.2610","89.6435","89.7825","89.2345","","-0.37%"
"23-08-2023","89.5960","90.0870","90.1980","89.2940","","-0.50%"
"22-08-2023","90.0490","90.5150","90.8080","89.9240","","-0.49%"
"21-08-2023","90.4930","90.4695","90.7170","90.3370","","0.16%"
"18-08-2023","90.3480","90.3900","90.5605","90.1120","","-0.03%"
"17-08-2023","90.3710","90.5125","90.6800","90.1795","","-0.17%"
"16-08-2023","90.5230","90.7895","91.0570","90.5130","","-0.23%"
"15-08-2023","90.7340","90.7165","91.2470","90.6675","","0.05%"
"14-08-2023","90.6890","90.7975","91.0535","90.5180","","0.00%"
"11-08-2023","90.6930","90.7510","91.1350","90.7105","","-0.01%"
"10-08-2023","90.7040","90.9515","91.4810","90.7055","","-0.22%"
"09-08-2023","90.9050","90.8040","91.1115","90.7635","","0.16%"
"08-08-2023","90.7570","91.0760","91.1835","90.6020","","-0.33%"
"07-08-2023","91.0580","91.1140","91.1465","90.7200","","0.05%"
"04-08-2023","91.0170","90.5840","91.3165","90.5500","","0.50%"
"03-08-2023","90.5620","90.4915","90.7285","90.2980","","0.10%"
"02-08-2023","90.4740","90.4395","90.8250","90.3915","","0.05%"
"01-08-2023","90.4260","90.4280","90.5345","90.1540","","-0.01%"
"31-07-2023","90.4310","90.6675","90.8780","90.4065","","-0.15%"
"28-07-2023","90.5710","90.1900","90.8655","90.0660","","0.47%"
"27-07-2023","90.1430","90.8140","91.3680","90.0870","","-0.75%"
"26-07-2023","90.8250","90.4740","91.0870","90.3640","","0.39%"
"25-07-2023","90.4690","90.5060","90.7055","90.2340","","-0.01%"
"24-07-2023","90.4760","91.2305","91.3170","90.4610","","-0.76%"
"21-07-2023","91.1700","91.3795","91.4530","91.1135","","-0.17%"
"20-07-2023","91.3270","91.9020","92.1425","91.2405","","-0.60%"
"19-07-2023","91.8800","92.1340","92.3095","91.6840","","-0.26%"
"18-07-2023","92.1210","92.1915","92.4915","91.9500","","-0.07%"
"17-07-2023","92.1880","92.2135","92.3630","91.9415","","0.08%"
"14-07-2023","92.1160","92.1135","92.4015","91.9705","","0.04%"
"13-07-2023","92.0820","91.2575","92.1295","91.2240","","0.94%"
"12-07-2023","91.2270","90.7045","91.3945","90.6135","","0.61%"
"11-07-2023","90.6780","90.7820","90.9185","90.4885","","-0.09%"
"10-07-2023","90.7640","90.6370","90.8145","90.4020","","0.18%"
"07-07-2023","90.5980","90.1115","90.6755","89.9055","","0.55%"
"06-07-2023","90.0990","89.4325","90.1615","89.2500","","0.76%"
"05-07-2023","89.4170","89.1750","89.6810","89.1530","","0.32%"
"04-07-2023","89.1330","89.4185","89.5015","89.1585","","-0.30%"
"03-07-2023","89.3970","89.5710","89.5995","89.0330","","-0.18%"
"30-06-2023","89.5610","89.1990","89.6935","88.8915","","0.41%"
"29-06-2023","89.1930","89.5195","89.7500","89.1600","","-0.33%"
"28-06-2023","89.4920","89.8915","89.9635","89.4110","","-0.39%"
"27-06-2023","89.8450","89.4350","89.9895","89.3840","","0.52%"
"26-06-2023","89.3800","89.3350","89.5955","89.2610","","0.13%"
"23-06-2023","89.2680","89.8035","89.8325","88.9555","","-0.57%"
"22-06-2023","89.7840","90.0235","90.2735","89.7100","","-0.23%"
"21-06-2023","89.9920","89.5330","90.1055","89.4585","","0.55%"
"20-06-2023","89.5030","89.4755","89.8825","89.3435","","0.05%"
"19-06-2023","89.4540","89.6315","89.6970","89.3440","","-0.15%"
"16-06-2023","89.5850","89.6405","89.8645","89.4315","","-0.04%"
"15-06-2023","89.6230","88.7625","89.7510","88.7485","","0.97%"
"14-06-2023","88.7600","88.7535","89.0310","88.5560","","0.03%"
"13-06-2023","88.7330","88.6375","89.0655","88.6330","","0.12%"
"12-06-2023","88.6270","88.6365","88.9730","88.4840","","0.03%"
"09-06-2023","88.5980","88.9680","89.0045","88.5505","","-0.37%"
"08-06-2023","88.9300","88.2775","89.0140","88.2490","","0.77%"
"07-06-2023","88.2500","88.2295","88.6140","88.0540","","0.02%"
"06-06-2023","88.2280","88.4170","88.7035","88.0895","","-0.19%"
"05-06-2023","88.3950","88.2775","88.5365","88.0920","","0.20%"
"02-06-2023","88.2150","88.5545","88.7290","88.1875","","-0.34%"
"01-06-2023","88.5180","88.3955","88.6335","87.9455","","0.17%"
"31-05-2023","88.3680","88.7790","88.7830","87.9315","","-0.40%"
"30-05-2023","88.7240","88.4585","88.8480","88.3010","","0.36%"
"29-05-2023","88.4080","88.5700","88.7415","88.4375","","-0.16%"
"26-05-2023","88.5480","88.7155","88.9015","88.3965","","-0.15%"
"25-05-2023","88.6820","88.8760","88.9375","88.6205","","-0.19%"
"24-05-2023","88.8540","89.2300","89.3250","88.8600","","-0.40%"
"23-05-2023","89.2080","89.5720","89.6290","89.1465","","-0.39%"
"22-05-2023","89.5580","89.6535","89.7905","89.4145","","0.04%"
"19-05-2023","89.5250","89.1030","89.7820","89.0080","","0.50%"
"18-05-2023","89.0810","89.3270","89.4335","89.0525","","-0.26%"
"17-05-2023","89.3130","89.3850","89.5280","89.0870","","-0.04%"
"16-05-2023","89.3470","89.4565","89.6680","89.3175","","-0.07%"
"15-05-2023","89.4080","89.2370","89.6165","89.1420","","0.30%"
"12-05-2023","89.1410","89.6080","89.8590","89.1670","","-0.51%"
"11-05-2023","89.6010","89.9620","90.1000","89.5115","","-0.36%"
"10-05-2023","89.9260","90.0175","90.2025","89.7380","","-0.06%"
"09-05-2023","89.9820","90.0070","90.2465","89.8510","","0.00%"
"08-05-2023","89.9800","90.1725","90.4120","89.9540","","-0.04%"
"05-05-2023","90.0170","89.9955","90.2850","89.6620","","0.05%"
"04-05-2023","89.9710","90.4490","90.6820","89.8335","","-0.49%"
"03-05-2023","90.4130","89.9430","90.6425","89.9430","","0.54%"
"02-05-2023","89.9250","89.7480","90.0600","89.5415","","0.20%"
"01-05-2023","89.7430","90.2100","90.2300","89.6555","","-0.35%"
"28-04-2023","90.0550","90.1235","90.3470","89.6570","","-0.03%"
"27-04-2023","90.0850","90.2795","90.4245","89.9320","","-0.17%"
"26-04-2023","90.2410","89.9595","90.7140","89.9105","","0.34%"
"25-04-2023","89.9320","90.5330","90.7050","89.9200","","-0.61%"
"24-04-2023","90.4810","90.1870","90.5740","89.9660","","0.39%"
"21-04-2023","90.1260","90.1075","90.2245","89.8225","","0.07%"
"20-04-2023","90.0610","90.1460","90.2340","89.8430","","-0.06%"
"19-04-2023","90.1130","90.0855","90.2100","89.7855","","0.08%"
"18-04-2023","90.0420","89.5825","90.1170","89.5365","","0.53%"
"17-04-2023","89.5710","89.9480","90.1175","89.4645","","-0.47%"
"14-04-2023","89.9940","90.1940","90.5040","89.8590","","-0.17%"
"13-04-2023","90.1500","90.0905","90.3870","89.9595","","0.13%"
"12-04-2023","90.0330","89.5470","90.1970","89.5425","","0.58%"
"11-04-2023","89.5140","89.0600","89.7235","89.0110","","0.57%"
"10-04-2023","89.0060","89.2625","89.4935","88.8455","","-0.22%"
"07-04-2023","89.2030","89.3855","89.4140","89.0295","","-0.17%"
"06-04-2023","89.3560","89.3610","89.5450","89.1505","","0.01%"
"05-04-2023","89.3500","89.9310","90.0910","89.2585","","-0.62%"
"04-04-2023","89.9050","89.5790","90.1150","89.4575","","0.41%"
"03-04-2023","89.5380","89.1465","89.7745","88.7435","","0.54%"
"31-03-2023","89.0530","89.5380","89.7000","89.0385","","-0.47%"
"30-03-2023","89.4750","89.1435","89.6840","88.9620","","0.41%"
"29-03-2023","89.1060","89.1455","89.4785","88.9710","","0.01%"
"28-03-2023","89.0990","88.7555","89.1825","88.7310","","0.42%"
"27-03-2023","88.7220","88.6505","88.8600","88.5175","","0.16%"
"24-03-2023","88.5830","89.0850","89.1710","88.3395","","-0.54%"
"23-03-2023","89.0620","89.5890","89.8430","88.9010","","-0.55%"
"22-03-2023","89.5590","89.0520","90.2165","88.9490","","0.60%"
"21-03-2023","89.0270","88.4930","89.1680","88.4110","","0.65%"
"20-03-2023","88.4510","88.2930","88.5905","87.8350","","0.49%"
"17-03-2023","88.0160","87.6570","88.1805","87.6240","","0.45%"
"16-03-2023","87.6190","87.6955","87.9460","87.3935","","-0.03%"
"15-03-2023","87.6460","88.2895","88.6405","87.1250","","-0.70%"
"14-03-2023","88.2650","88.2720","88.6030","87.9725","","0.04%"
"13-03-2023","88.2300","87.2640","88.4280","87.2640","","1.15%"
"10-03-2023","87.2300","86.7990","87.6290","86.7310","","0.52%"
"09-03-2023","86.7770","86.4215","86.8795","86.2780","","0.43%"
"08-03-2023","86.4080","86.5325","86.7005","86.2225","","-0.09%"
"07-03-2023","86.4850","87.3825","87.5285","86.4915","","-1.00%"
"06-03-2023","87.3570","86.7680","87.4815","86.7350","","0.59%"
"03-03-2023","86.8420","87.2795","87.4455","86.6145","","-0.48%"
"02-03-2023","87.2580","87.9375","87.9945","87.1265","","-0.76%"
"01-03-2023","87.9280","87.4055","88.1515","87.2600","","0.60%"
"28-02-2023","87.4000","87.6525","87.9295","87.3845","","-0.29%"
"27-02-2023","87.6580","87.4160","87.7925","87.3130","","0.27%"
"24-02-2023","87.4230","87.5495","87.7465","87.3005","","-0.09%"
"23-02-2023","87.5040","87.8345","88.0080","87.3805","","-0.35%"
"22-02-2023","87.8080","88.2180","88.3685","87.7815","","-0.44%"
"21-02-2023","88.1960","88.3950","88.5610","88.1170","","-0.16%"
"20-02-2023","88.3330","88.4595","88.5195","88.2590","","-0.18%"
"17-02-2023","88.4930","88.2900","88.5505","87.8925","","0.29%"
"16-02-2023","88.2350","88.4755","88.6535","88.2225","","-0.24%"
"15-02-2023","88.4510","89.0340","89.0880","88.2705","","-0.62%"
"14-02-2023","89.0040","88.5605","89.4620","88.5480","","0.52%"
"13-02-2023","88.5470","88.1230","88.6700","87.9945","","0.51%"
"10-02-2023","88.0960","88.6315","88.6675","87.9825","","-0.55%"
"09-02-2023","88.5840","88.5320","89.0395","88.5095","","0.08%"
"08-02-2023","88.5100","88.8860","88.9650","88.4990","","-0.41%"
"07-02-2023","88.8760","88.7660","89.2345","88.3960","","0.11%"
"06-02-2023","88.7800","88.7300","89.2195","88.6520","","0.06%"
"03-02-2023","88.7250","89.5020","89.7345","88.7420","","-0.87%"
"02-02-2023","89.5050","89.8515","90.4710","89.4385","","-0.34%"
"01-02-2023","89.8130","88.8335","89.9455","88.7140","","1.16%"
"31-01-2023","88.7850","88.4545","88.9085","88.4220","","0.44%"
"30-01-2023","88.4000","88.6435","88.9755","88.3610","","-0.20%"
"27-01-2023","88.5770","88.7100","88.8595","88.3800","","-0.09%"
"26-01-2023","88.6560","88.9935","89.0855","88.4250","","-0.33%"
"25-01-2023","88.9470","88.8325","89.1675","88.5585","80.56K","0.20%"
"24-01-2023","88.7660","88.5885","88.8770","88.4410","76.15K","0.24%"
"23-01-2023","88.5500","87.9485","88.9160","87.9405","77.85K","0.74%"
"20-01-2023","87.8980","88.0125","88.1325","87.6480","84.53K","-0.07%"
"19-01-2023","87.9590","87.8790","88.1970","87.6445","109.94K","0.08%"
"18-01-2023","87.8900","88.0840","88.3840","87.7595","117.48K","-0.20%"
"17-01-2023","88.0620","88.3675","88.7140","87.9575","115.90K","-0.26%"
"16-01-2023","88.2890","88.0640","88.4460","87.9465","73.00K","0.32%"
"13-01-2023","88.0100","87.9880","88.4130","87.7910","104.92K","0.04%"
"12-01-2023","87.9770","87.8225","88.2770","87.4340","102.05K","0.20%"
"11-01-2023","87.8010","87.6375","88.0650","87.4800","94.50K","0.24%"
"10-01-2023","87.5920","88.1380","88.3475","87.5225","100.37K","-0.64%"
"09-01-2023","88.1520","87.5160","88.3815","87.5075","92.22K","0.67%"
"06-01-2023","87.5680","86.9070","87.8640","86.7110","101.63K","0.81%"
"05-01-2023","86.8620","87.6600","87.9105","86.8285","87.73K","-0.83%"
"04-01-2023","87.5910","87.3155","88.0430","87.2535","96.93K","0.30%"
"03-01-2023","87.3270","88.2645","88.4380","87.2845","100.98K","-1.02%"
"02-01-2023","88.2230","88.5530","88.6030","88.1310","23.65K","-0.34%"
"30-12-2022","88.5240","88.2760","88.6525","88.0105","77.88K","0.34%"
"29-12-2022","88.2280","87.8120","88.5590","87.8040","65.13K","0.51%"
"28-12-2022","87.7830","88.1530","88.3810","87.7835","61.87K","-0.38%"
"27-12-2022","88.1150","87.9350","88.3940","87.8725","72.90K","0.25%"
"26-12-2022","87.8980","87.8485","88.0535","87.7750","21.93K","0.04%"
"23-12-2022","87.8630","87.9225","88.0885","87.7045","99.14K","-0.02%"
"22-12-2022","87.8800","87.9160","88.1965","87.7360","103.83K","0.00%"
"21-12-2022","87.8780","87.7730","88.1925","87.6700","92.83K","0.17%"
"20-12-2022","87.7290","87.6865","88.0965","87.5165","137.24K","0.09%"
"19-12-2022","87.6490","87.6230","88.0925","87.4295","97.91K","0.15%"
"16-12-2022","87.5190","88.0485","88.3630","87.5650","102.98K","-0.58%"
"15-12-2022","88.0290","88.1295","88.8610","87.7295","100.77K","-0.08%"
"14-12-2022","88.0990","87.6185","88.3890","87.5155","97.79K","0.61%"
"13-12-2022","87.5650","87.0600","88.0910","87.0350","81.50K","0.59%"
"12-12-2022","87.0550","86.7720","87.3905","86.5935","78.41K","0.32%"
"09-12-2022","86.7780","86.8900","87.1195","86.5860","86.84K","-0.09%"
"08-12-2022","86.8550","86.3935","86.9445","86.2825","95.61K","0.58%"
"07-12-2022","86.3550","86.3400","86.8170","86.1240","110.59K","0.01%"
"06-12-2022","86.3480","85.8780","86.7760","85.8700","90.70K","0.51%"
"05-12-2022","85.9110","85.6030","86.5950","85.6030","96.87K","0.14%"
"02-12-2022","85.7900","85.3540","85.8220","84.7180","89.01K","0.51%"
"01-12-2022","85.3540","84.6540","85.4290","84.4320","114.07K","0.83%"
"30-11-2022","84.6540","84.2850","84.8410","83.7480","95.70K","0.44%"
"29-11-2022","84.2850","84.3990","84.8690","84.2110","80.89K","-0.13%"
"28-11-2022","84.3910","84.7890","85.5980","84.3450","83.13K","-0.61%"
"25-11-2022","84.9120","84.9350","85.0720","84.5500","74.87K","-0.04%"
"24-11-2022","84.9430","84.8360","85.3550","84.7610","74.18K","0.14%"
"23-11-2022","84.8270","84.1900","85.0130","84.1540","79.32K","0.77%"
"22-11-2022","84.1820","83.6680","84.1980","83.6430","84.22K","0.61%"
"21-11-2022","83.6680","84.1960","84.3440","83.5040","90.54K","-0.70%"
"18-11-2022","84.2610","84.4440","84.8960","84.1550","102.68K","-0.22%"
"17-11-2022","84.4440","84.6820","84.7980","84.2660","104.37K","-0.27%"
"16-11-2022","84.6740","83.8330","84.8580","83.7680","111.47K","0.95%"
"15-11-2022","83.8740","83.5880","84.5970","83.3300","113.46K","0.33%"
"14-11-2022","83.5960","83.4140","83.9820","82.9720","111.49K","0.34%"
"11-11-2022","83.3100","82.2990","83.4060","81.9360","121.11K","1.22%"
"10-11-2022","82.3070","81.4240","82.4120","81.1500","138.18K","1.07%"
"09-11-2022","81.4330","81.9560","82.1720","81.2750","124.40K","-0.64%"
"08-11-2022","81.9560","81.9680","82.1550","81.4150","103.69K","0.00%"
"07-11-2022","81.9590","81.2160","82.1140","81.1260","101.27K","0.40%"
"04-11-2022","81.6340","80.6540","81.6830","80.3080","94.55K","1.19%"
"03-11-2022","80.6710","81.1980","81.4760","80.5870","83.89K","-0.65%"
"02-11-2022","81.1980","81.6000","82.5050","81.1490","83.88K","-0.50%"
"01-11-2022","81.6090","81.7770","82.1960","81.3770","76.05K","-0.24%"
"31-10-2022","81.8020","81.8170","82.3560","81.6780","82.08K","-0.19%"
"28-10-2022","81.9570","82.0710","82.3430","81.7080","82.81K","-0.12%"
"27-10-2022","82.0550","82.5400","82.9750","82.0140","117.19K","-0.58%"
"26-10-2022","82.5320","82.2180","82.8240","81.9800","86.51K","0.38%"
"25-10-2022","82.2180","81.6850","82.3120","81.4790","77.99K","0.63%"
"24-10-2022","81.7010","81.4150","81.9330","81.0600","92.83K","0.40%"
"21-10-2022","81.3740","81.0230","81.5230","80.4840","97.09K","0.43%"
"20-10-2022","81.0230","81.1200","81.4860","80.7940","96.76K","-0.11%"
"19-10-2022","81.1120","81.0730","81.5090","80.8210","93.37K","0.02%"
"18-10-2022","81.0980","80.8230","81.1850","80.6990","104.73K","0.32%"
"17-10-2022","80.8400","80.0670","80.9330","80.0060","92.58K","1.02%"
"14-10-2022","80.0260","80.3070","80.7090","79.8510","113.01K","-0.37%"
"13-10-2022","80.3230","79.7020","80.6200","79.1280","99.55K","0.75%"
"12-10-2022","79.7270","79.8380","80.1300","79.4910","98.01K","-0.11%"
"11-10-2022","79.8130","79.8990","80.3580","79.6620","132.04K","-0.12%"
"10-10-2022","79.9070","80.6250","80.7740","79.7380","100.76K","-0.95%"
"07-10-2022","80.6750","80.3200","80.8660","80.1530","84.21K","0.41%"
"06-10-2022","80.3450","80.6270","81.3050","80.3040","93.33K","-0.40%"
"05-10-2022","80.6680","81.3210","81.3700","80.2460","91.44K","-0.79%"
"04-10-2022","81.3130","80.0680","81.4250","79.9470","90.99K","1.57%"
"03-10-2022","80.0600","79.8630","80.4170","79.7330","101.30K","0.24%"
"30-09-2022","79.8710","79.9540","80.3710","79.2170","100.61K","-0.10%"
"29-09-2022","79.9540","79.2320","79.9540","78.7770","102.83K","0.90%"
"28-09-2022","79.2410","78.3710","79.5350","77.9630","109.66K","1.11%"
"27-09-2022","78.3710","78.4110","78.6800","78.1070","111.70K","-0.04%"
"26-09-2022","78.4030","78.6830","79.1010","77.7160","116.21K","-0.42%"
"23-09-2022","78.7310","79.7180","79.8390","78.4550","98.86K","-1.20%"
"22-09-2022","79.6850","78.6050","79.9520","78.3650","112.12K","1.39%"
"21-09-2022","78.5890","79.5120","79.6060","78.5090","94.75K","-1.15%"
"20-09-2022","79.5040","79.8680","80.0910","79.3550","79.56K","-0.45%"
"19-09-2022","79.8600","79.7660","79.9170","79.3570","69.47K","0.07%"
"16-09-2022","79.8060","79.8310","79.9350","79.3090","79.54K","-0.04%"
"15-09-2022","79.8390","79.2480","79.9190","79.1760","77.08K","0.69%"
"14-09-2022","79.2880","79.3380","79.6330","79.1530","94.66K","-0.04%"
"13-09-2022","79.3220","80.2940","80.5900","79.2910","85.29K","-1.20%"
"12-09-2022","80.2860","80.2560","81.1140","80.0970","69.30K","0.43%"
"09-09-2022","79.9460","79.6430","80.4380","79.6110","83.82K","0.40%"
"08-09-2022","79.6270","79.6220","79.8980","79.1820","94.36K","0.00%"
"07-09-2022","79.6300","79.0870","79.7330","78.8590","89.00K","0.68%"
"06-09-2022","79.0950","79.1930","79.7780","78.7150","107.48K","-0.13%"
"05-09-2022","79.2010","79.3020","79.3820","78.8550","72.49K","-0.16%"
"02-09-2022","79.3260","79.2270","80.0430","79.2110","74.99K","0.12%"
"01-09-2022","79.2270","79.9120","79.9700","78.9460","94.82K","-0.90%"
"31-08-2022","79.9440","79.7690","80.0790","79.2440","91.12K","0.23%"
"30-08-2022","79.7610","79.9060","80.0440","79.4940","100.02K","-0.19%"
"29-08-2022","79.9140","79.8170","80.1200","79.2600","65.59K","0.33%"
"26-08-2022","79.6490","79.6460","80.4430","79.4620","66.71K","0.00%"
"25-08-2022","79.6460","79.5010","80.1390","79.4770","89.83K","0.18%"
"24-08-2022","79.5010","79.5990","79.7660","79.0570","74.27K","-0.10%"
"23-08-2022","79.5840","79.3950","79.8990","79.0590","87.99K","0.26%"
"22-08-2022","79.3790","80.2320","80.2660","79.2530","93.85K","-1.01%"
"19-08-2022","80.1920","80.4520","80.5380","80.1420","82.71K","-0.32%"
"18-08-2022","80.4520","80.7620","81.1150","80.3420","83.93K","-0.40%"
"17-08-2022","80.7780","80.5790","80.9700","80.4680","97.81K","0.23%"
"16-08-2022","80.5950","80.7900","80.9020","80.2820","67.32K","-0.24%"
"15-08-2022","80.7900","81.6980","81.7540","80.7410","67.60K","-1.11%"
"12-08-2022","81.6960","82.0790","82.2720","81.4830","86.53K","-0.50%"
"11-08-2022","82.1030","81.4390","82.3760","81.3250","92.19K","0.82%"
"10-08-2022","81.4390","81.2500","82.0670","81.0400","95.94K","0.24%"
"09-08-2022","81.2420","81.1440","81.4840","81.0370","83.06K","0.13%"
"08-08-2022","81.1360","80.7650","81.3020","80.6060","74.74K","0.42%"
"05-08-2022","80.7960","81.0990","81.1450","80.4650","90.47K","-0.38%"
"04-08-2022","81.1070","80.4050","81.3400","80.3180","87.87K","0.88%"
"03-08-2022","80.3970","79.8760","80.8230","79.7890","83.88K","0.63%"
"02-08-2022","79.8920","81.0120","81.2450","79.8440","107.93K","-1.39%"
"01-08-2022","81.0200","81.0500","81.2480","80.8180","92.16K","-0.06%"
"29-07-2022","81.0660","81.1870","81.4220","80.4890","88.83K","-0.13%"
"28-07-2022","81.1710","81.4180","81.6110","80.5580","113.91K","-0.35%"
"27-07-2022","81.4580","80.7610","81.6020","80.7200","82.22K","0.87%"
"26-07-2022","80.7530","81.4280","81.7090","80.6780","85.22K","-0.85%"
"25-07-2022","81.4440","81.5060","81.8010","81.2540","84.02K","-0.08%"
"22-07-2022","81.5060","81.6710","81.8430","80.9130","79.88K","-0.20%"
"21-07-2022","81.6710","81.3880","81.9720","81.0840","111.87K","0.34%"
"20-07-2022","81.3960","81.6390","82.1430","81.2220","98.51K","-0.30%"
"19-07-2022","81.6390","81.1180","82.0660","80.9010","86.69K","0.63%"
"18-07-2022","81.1260","80.4220","81.5670","80.3740","81.60K","0.84%"
"15-07-2022","80.4540","80.0180","80.5060","79.9120","84.68K","0.54%"
"14-07-2022","80.0180","80.1200","80.3360","79.7460","96.34K","-0.14%"
"13-07-2022","80.1280","79.7360","80.5910","79.6330","88.60K","0.48%"
"12-07-2022","79.7440","79.7120","80.0480","79.4700","94.81K","0.03%"
"11-07-2022","79.7200","80.6230","80.7100","79.6640","83.05K","-1.23%"
"08-07-2022","80.7100","80.4010","80.7930","79.8470","96.62K","0.38%"
"07-07-2022","80.4080","80.4420","80.9020","80.2330","92.96K","-0.03%"
"06-07-2022","80.4340","81.3800","81.5020","80.2750","102.28K","-1.16%"
"05-07-2022","81.3800","82.2000","82.5990","81.1180","91.21K","-1.03%"
"04-07-2022","82.2310","82.2590","82.5500","82.2010","74.69K","-0.09%"
"01-07-2022","82.3060","82.7320","82.8060","81.8140","73.06K","-0.54%"
"30-06-2022","82.7550","82.3850","82.8320","81.9990","88.80K","0.45%"
"29-06-2022","82.3850","83.0450","83.2200","82.3370","95.38K","-0.81%"
"28-06-2022","83.0610","82.9920","83.5530","82.8820","97.73K","0.08%"
"27-06-2022","82.9920","82.5560","83.2430","82.4940","90.38K","0.52%"
"24-06-2022","82.5640","82.2420","82.6850","82.1340","91.37K","0.40%"
"23-06-2022","82.2350","82.5760","82.7940","81.9840","114.23K","-0.41%"
"22-06-2022","82.5760","82.2170","82.9410","81.8640","86.64K","0.44%"
"21-06-2022","82.2170","81.8640","82.6190","81.8410","86.23K","0.43%"
"20-06-2022","81.8640","81.5980","82.2400","81.5980","79.32K","0.06%"
"17-06-2022","81.8160","82.2120","82.3060","81.5300","88.70K","-0.49%"
"16-06-2022","82.2200","81.6100","82.5810","81.0100","142.21K","0.76%"
"15-06-2022","81.6030","81.2230","82.0050","80.8620","107.95K","0.46%"
"14-06-2022","81.2300","81.2730","81.8300","81.0980","89.67K","-0.02%"
"13-06-2022","81.2490","82.1150","82.1700","81.1950","78.64K","-1.08%"
"10-06-2022","82.1390","82.5850","82.8370","81.9960","73.86K","-0.53%"
"09-06-2022","82.5770","83.2450","83.7000","82.5380","84.15K","-0.78%"
"08-06-2022","83.2300","83.0670","83.4930","82.9070","61.88K","0.19%"
"07-06-2022","83.0750","83.1880","83.2580","82.7900","66.56K","-0.15%"
"06-06-2022","83.1960","83.1790","83.4870","83.0650","65.14K","0.03%"
"03-06-2022","83.1710","83.1390","83.5430","83.0470","40.72K","0.02%"
"02-06-2022","83.1540","82.5600","83.1850","82.5440","57.04K","0.70%"
"01-06-2022","82.5750","83.2470","83.2860","82.3950","61.83K","-0.82%"
"31-05-2022","83.2550","83.5610","83.5690","82.9390","76.98K","-0.37%"
"30-05-2022","83.5610","83.2990","83.6310","83.1900","59.15K","0.39%"
"27-05-2022","83.2370","83.2410","83.5450","82.9450","69.29K","0.00%"
"26-05-2022","83.2330","82.7940","83.3570","82.7100","69.28K","0.55%"
"25-05-2022","82.7790","83.1530","83.1920","82.5430","76.64K","-0.44%"
"24-05-2022","83.1460","82.8580","83.3440","82.6120","73.92K","0.35%"
"23-05-2022","82.8580","82.2870","82.9200","82.1600","77.09K","0.79%"
"20-05-2022","82.2100","81.9360","82.2640","81.7230","84.33K","0.33%"
"19-05-2022","81.9430","81.4410","82.1530","81.2840","83.92K","0.64%"
"18-05-2022","81.4250","81.6980","81.8180","81.3140","85.05K","-0.32%"
"17-05-2022","81.6900","81.1720","81.7450","81.0100","82.88K","0.65%"
"16-05-2022","81.1640","80.6000","81.2550","80.4890","65.33K","0.63%"
"13-05-2022","80.6540","80.3390","80.6620","80.2280","78.97K","0.37%"
"12-05-2022","80.3540","81.3580","81.6590","80.0760","107.38K","-1.24%"
"11-05-2022","81.3660","81.2710","81.6870","81.0520","113.87K","0.12%"
"10-05-2022","81.2710","81.6510","81.8500","81.2630","77.58K","-0.46%"
"09-05-2022","81.6430","81.1820","81.8960","80.8640","72.72K","0.55%"
"06-05-2022","81.1970","80.6380","81.5750","80.4490","90.96K","0.71%"
"05-05-2022","80.6230","80.9930","81.1450","80.2790","92.63K","-0.46%"
"04-05-2022","80.9930","80.3900","81.0610","80.1380","71.05K","0.69%"
"03-05-2022","80.4360","80.3240","80.9280","80.2940","70.07K","0.16%"
"02-05-2022","80.3090","80.7130","80.7440","80.2090","51.63K","-0.44%"
"29-04-2022","80.6600","80.4730","80.9705","80.4345","89.98K","0.23%"
"28-04-2022","80.4780","80.9010","80.9505","80.2625","91.92K","-0.47%"
"27-04-2022","80.8570","81.5680","81.7870","80.5865","92.69K","-0.82%"
"26-04-2022","81.5280","82.2195","82.3850","81.5530","94.23K","-0.79%"
"25-04-2022","82.1750","82.9105","82.9180","82.0705","101.57K","-0.43%"
"22-04-2022","82.5310","82.6530","82.8960","82.3690","77.40K","-0.10%"
"21-04-2022","82.6140","82.7595","83.2750","82.5100","89.62K","-0.14%"
"20-04-2022","82.7290","82.4685","82.9155","82.4345","87.60K","0.35%"
"19-04-2022","82.4370","82.2575","82.6735","82.0965","81.41K","0.28%"
"18-04-2022","82.2100","82.4765","82.6100","82.1230","37.30K","-0.30%"
"15-04-2022","82.4560","82.6085","82.6380","82.3695","40.71K","-0.15%"
"14-04-2022","82.5800","82.8735","83.1490","81.9990","88.01K","-0.30%"
"13-04-2022","82.8300","82.3740","82.9695","82.3235","77.58K","0.60%"
"12-04-2022","82.3380","82.5245","83.0185","82.3550","57.42K","-0.20%"
"11-04-2022","82.5040","83.0620","83.1875","82.4820","63.32K","-0.10%"
"08-04-2022","82.5900","82.5860","82.6475","82.2185","62.68K","0.04%"
"07-04-2022","82.5540","82.7445","83.1245","82.4620","69.36K","-0.20%"
"06-04-2022","82.7170","82.3020","83.0190","82.1455","63.72K","0.56%"
"05-04-2022","82.2560","82.7925","82.8970","82.2025","56.34K","-0.59%"
"04-04-2022","82.7460","83.8910","84.0165","82.6760","76.17K","-1.46%"
"01-04-2022","83.9730","84.0140","84.1325","83.7765","98.41K","-0.01%"
"31-03-2022","83.9850","84.6035","84.8170","83.9535","80.07K","-0.69%"
"30-03-2022","84.5710","83.8915","84.6700","83.8575","85.83K","0.86%"
"29-03-2022","83.8470","83.5465","84.2580","83.4015","87.71K","0.39%"
"28-03-2022","83.5210","83.8295","83.8410","83.3085","61.28K","-0.29%"
"25-03-2022","83.7630","83.9125","84.2140","83.7380","58.04K","-0.15%"
"24-03-2022","83.8920","84.2135","84.2935","83.7095","56.89K","-0.37%"
"23-03-2022","84.2030","83.9955","84.2520","83.7650","65.44K","0.29%"
"22-03-2022","83.9570","84.0510","84.1160","83.6395","70.16K","-0.07%"
"21-03-2022","84.0150","84.1275","84.2760","83.9060","67.41K","-0.02%"
"18-03-2022","84.0280","84.2220","84.4530","83.7490","60.31K","-0.18%"
"17-03-2022","84.1790","84.0945","84.6240","83.5860","81.87K","0.15%"
"16-03-2022","84.0530","83.7260","84.1815","83.4280","89.28K","0.45%"
"15-03-2022","83.6770","83.6360","84.3515","83.4925","86.02K","0.08%"
"14-03-2022","83.6070","83.7255","84.1650","83.4595","74.64K","0.21%"
"11-03-2022","83.4350","83.8190","84.4105","83.4075","89.71K","-0.42%"
"10-03-2022","83.7890","84.5935","84.8925","83.7575","93.99K","-0.92%"
"09-03-2022","84.5630","83.8495","84.7540","83.7460","105.19K","0.91%"
"08-03-2022","83.8020","83.5485","84.4930","83.3430","104.68K","0.34%"
"07-03-2022","83.5170","83.7085","84.0440","82.6995","105.11K","0.04%"
"04-03-2022","83.4860","84.0805","84.0880","83.1305","87.85K","-0.64%"
"03-03-2022","84.0230","84.0950","84.3325","83.8180","83.69K","-0.08%"
"02-03-2022","84.0870","84.3220","84.4930","83.7740","84.83K","-0.22%"
"01-03-2022","84.2740","84.7190","84.7455","84.0765","90.28K","-0.50%"
"28-02-2022","84.6960","83.9265","84.9375","83.4985","92.25K","0.15%"
"25-02-2022","84.5700","84.6285","84.7150","84.0965","82.44K","-0.04%"
"24-02-2022","84.6040","84.4400","84.8720","84.0300","105.70K","0.24%"
"23-02-2022","84.3990","84.5295","84.7135","84.3375","66.84K","-0.13%"
"22-02-2022","84.5070","84.3015","84.9625","84.1825","88.48K","0.30%"
"21-02-2022","84.2540","84.5085","84.8370","84.2565","54.08K","-0.33%"
"18-02-2022","84.5340","85.3345","85.3980","84.4695","66.84K","-0.91%"
"17-02-2022","85.3140","85.3655","85.4630","85.0475","83.14K","-0.01%"
"16-02-2022","85.3230","85.4005","85.5305","85.2140","75.63K","-0.02%"
"15-02-2022","85.3390","85.5780","85.7480","85.2185","78.73K","-0.23%"
"14-02-2022","85.5320","85.4745","85.8975","85.3335","84.32K","0.06%"
"11-02-2022","85.4790","85.8260","85.9950","85.3655","85.17K","-0.36%"
"10-02-2022","85.7870","85.4980","86.3370","85.3760","87.36K","0.44%"
"09-02-2022","85.4110","85.3025","85.6650","85.2385","70.16K","0.19%"
"08-02-2022","85.2510","85.4285","85.4770","85.1680","103.51K","-0.16%"
"07-02-2022","85.3900","85.6070","85.6140","85.2250","77.61K","-0.05%"
"04-02-2022","85.4330","85.3855","85.7880","85.3105","91.22K","0.07%"
"03-02-2022","85.3720","84.5870","85.5560","84.3780","78.76K","0.99%"
"02-02-2022","84.5340","84.2445","84.6945","84.1585","52.96K","0.39%"
"01-02-2022","84.2060","83.7560","84.3735","83.6315","58.97K","0.58%"
"31-01-2022","83.7180","83.6505","83.9115","83.2700","60.86K","0.13%"
"28-01-2022","83.6110","83.8290","83.9190","83.3875","68.51K","-0.20%"
"27-01-2022","83.7820","84.1900","84.4705","83.7000","73.83K","-0.42%"
"26-01-2022","84.1360","84.5175","84.6890","84.1525","65.01K","-0.41%"
"25-01-2022","84.4830","84.5280","84.6235","84.2520","79.99K","0.00%"
"24-01-2022","84.4870","84.4025","84.6650","84.1705","100.61K","0.16%"
"21-01-2022","84.3500","84.2380","84.4955","84.1520","75.76K","0.18%"
"20-01-2022","84.1980","84.4470","84.6250","84.0800","78.90K","-0.25%"
"19-01-2022","84.4090","84.4150","84.6675","84.3095","93.18K","-0.04%"
"18-01-2022","84.4390","84.7135","85.0270","84.3630","108.11K","-0.29%"
"17-01-2022","84.6830","84.6415","84.9610","84.5340","65.99K","0.06%"
"14-01-2022","84.6360","84.7505","85.1425","84.4480","70.10K","-0.08%"
"13-01-2022","84.7010","84.4465","84.8710","84.4090","64.51K","0.34%"
"12-01-2022","84.4140","83.9010","84.5295","83.8725","65.85K","0.66%"
"11-01-2022","83.8630","83.8335","84.0035","83.6265","64.53K","0.05%"
"10-01-2022","83.8200","84.3270","84.3905","83.6160","60.16K","-0.64%"
"07-01-2022","84.3640","84.0030","84.4205","83.9040","49.09K","0.45%"
"06-01-2022","83.9820","84.0460","84.3905","83.9285","71.47K","-0.06%"
"05-01-2022","84.0330","84.1220","84.3185","83.9530","49.97K","-0.05%"
"04-01-2022","84.0740","84.0565","84.4050","84.0030","53.33K","0.09%"
"03-01-2022","83.9970","84.6570","84.7725","83.8340","36.15K","-0.78%"
"31-12-2021","84.6540","84.2530","84.8170","83.7930","31.28K","0.50%"
"30-12-2021","84.2360","84.6370","84.7155","84.0290","42.99K","-0.44%"
"29-12-2021","84.6110","84.5065","84.7850","84.2145","47.61K","0.16%"
"28-12-2021","84.4780","84.9300","84.9675","84.3195","48.49K","-0.50%"
"27-12-2021","84.9000","84.8890","85.1325","84.7455","42.51K","0.06%"
"24-12-2021","84.8490","85.0150","85.2420","84.7765","50.93K","-0.16%"
"23-12-2021","84.9830","85.4620","85.6265","84.8330","63.03K","-0.52%"
"22-12-2021","85.4280","85.3880","85.6085","85.0675","67.37K","0.03%"
"21-12-2021","85.4010","85.4005","85.5425","85.0555","79.89K","0.03%"
"20-12-2021","85.3740","85.4540","85.7580","85.3570","84.83K","-0.02%"
"17-12-2021","85.3930","86.3205","86.4985","85.3970","69.97K","-1.02%"
"16-12-2021","86.2700","86.1740","86.5610","85.9360","70.30K","0.14%"
"15-12-2021","86.1500","85.6190","86.2775","85.5770","104.26K","0.64%"
"14-12-2021","85.5980","85.5025","85.9735","85.4255","158.56K","0.14%"
"13-12-2021","85.4800","85.6855","85.7160","85.2675","80.41K","-0.16%"
"10-12-2021","85.6150","85.3740","85.7300","85.2170","94.04K","0.31%"
"09-12-2021","85.3480","85.5005","85.6390","85.2420","86.64K","-0.14%"
"08-12-2021","85.4710","84.9630","85.6300","84.9440","147.35K","0.63%"
"07-12-2021","84.9360","85.0985","85.2500","84.7010","161.34K","-0.17%"
"06-12-2021","85.0780","85.1805","85.3130","84.8685","95.89K","-0.03%"
"03-12-2021","85.1010","84.7445","85.2155","84.6235","84.17K","0.46%"
"02-12-2021","84.7110","84.9240","85.1805","84.6030","90.50K","-0.22%"
"01-12-2021","84.8970","85.1560","85.1895","84.6615","123.86K","-0.26%"
"30-11-2021","85.1220","84.7505","85.5245","84.4740","133.33K","0.49%"
"29-11-2021","84.7050","84.8425","84.9435","84.3390","88.31K","-0.26%"
"26-11-2021","84.9230","83.5055","85.0595","83.4795","122.93K","1.76%"
"25-11-2021","83.4570","83.5770","83.6885","83.4625","82.67K","-0.09%"
"24-11-2021","83.5280","83.7380","83.7965","83.3030","86.38K","-0.21%"
"23-11-2021","83.7040","83.6540","83.9645","83.6075","101.63K","0.11%"
"22-11-2021","83.6120","83.9560","84.0540","83.5475","135.04K","-0.35%"
"19-11-2021","83.9070","84.3335","84.3615","83.5310","65.35K","-0.48%"
"18-11-2021","84.3130","84.0495","84.4650","83.8480","107.54K","0.34%"
"17-11-2021","84.0300","84.2925","84.3570","83.9090","91.28K","-0.29%"
"16-11-2021","84.2720","84.5830","84.8530","84.2015","82.36K","-0.32%"
"15-11-2021","84.5420","85.1425","85.3175","84.4680","73.08K","-0.68%"
"12-11-2021","85.1220","85.1175","85.3170","84.9555","72.93K","0.06%"
"11-11-2021","85.0680","85.4435","85.5720","85.0160","58.48K","-0.38%"
"10-11-2021","85.3940","85.9870","86.1865","85.3170","84.72K","-0.67%"
"09-11-2021","85.9700","85.6670","86.0365","85.5750","64.55K","0.39%"
"08-11-2021","85.6330","85.7280","85.8745","85.5315","73.82K","-0.18%"
"05-11-2021","85.7900","86.1325","86.1395","85.4555","127.27K","-0.38%"
"04-11-2021","86.1200","86.4500","86.5000","85.8895","149.63K","-0.36%"
"03-11-2021","86.4330","86.4950","86.5660","86.1210","162.18K","-0.04%"
"02-11-2021","86.4690","86.8710","86.9105","86.3185","142.04K","-0.42%"
"01-11-2021","86.8350","86.6175","86.9130","86.5420","140.05K","0.26%"
"29-10-2021","86.6100","87.3600","87.4840","86.5150","134.14K","-0.83%"
"28-10-2021","87.3390","87.1210","87.4420","86.6650","144.15K","0.27%"
"27-10-2021","87.1040","86.9065","87.2670","86.8075","127.46K","0.26%"
"26-10-2021","86.8740","87.0780","87.2315","86.7735","110.37K","-0.22%"
"25-10-2021","87.0650","87.3250","87.5620","87.0690","112.18K","-0.32%"
"22-10-2021","87.3460","87.0435","87.3665","86.8920","64.42K","0.39%"
"21-10-2021","87.0060","87.1535","87.3630","86.9580","67.92K","-0.13%"
"20-10-2021","87.1230","87.3910","87.5610","86.9675","64.19K","-0.27%"
"19-10-2021","87.3570","87.3265","87.6350","87.2580","56.00K","0.08%"
"18-10-2021","87.2890","87.0240","87.5510","86.9075","85.42K","0.33%"
"15-10-2021","87.0000","86.9865","87.1680","86.8830","79.97K","0.08%"
"14-10-2021","86.9270","87.3025","87.5070","86.9325","52.89K","-0.40%"
"13-10-2021","87.2720","87.0220","87.3520","86.8855","87.78K","0.32%"
"12-10-2021","86.9920","87.1275","87.5040","86.8900","55.78K","-0.10%"
"11-10-2021","87.0750","86.9870","87.4080","86.8310","68.28K","0.22%"
"08-10-2021","86.8820","86.4305","86.9850","86.4305","58.95K","0.56%"
"07-10-2021","86.4000","86.4125","86.6025","86.3360","65.86K","0.01%"
"06-10-2021","86.3900","86.5180","86.6200","86.2885","74.29K","-0.05%"
"05-10-2021","86.4370","86.6930","86.6970","86.2990","73.69K","-0.24%"
"04-10-2021","86.6480","85.9585","86.7050","85.9385","55.38K","0.82%"
"01-10-2021","85.9470","85.9035","86.1085","85.7590","56.98K","0.07%"
"30-09-2021","85.8890","86.1560","86.3380","85.7555","78.60K","-0.27%"
"29-09-2021","86.1230","86.6875","86.7470","86.1040","72.10K","-0.62%"
"28-09-2021","86.6610","86.3455","86.8175","86.2310","79.77K","0.40%"
"27-09-2021","86.3180","86.5470","86.5765","86.1300","65.13K","-0.17%"
"24-09-2021","86.4650","86.6385","86.7510","86.3825","79.99K","-0.17%"
"23-09-2021","86.6120","86.2720","86.7270","86.2610","76.31K","0.43%"
"22-09-2021","86.2430","86.4735","86.7950","86.2580","79.32K","-0.23%"
"21-09-2021","86.4450","86.3650","86.5730","86.2975","72.72K","0.11%"
"20-09-2021","86.3500","86.4590","86.5135","86.1940","74.11K","0.01%"
"17-09-2021","86.3430","86.5390","86.6565","86.3380","71.54K","-0.24%"
"16-09-2021","86.5480","86.7825","86.8925","86.3940","96.79K","-0.25%"
"15-09-2021","86.7690","86.9470","87.1235","86.7320","71.93K","-0.16%"
"14-09-2021","86.9100","86.8950","87.1490","86.8020","74.12K","0.06%"
"13-09-2021","86.8600","86.8580","86.9740","86.6625","56.41K","0.01%"
"10-09-2021","86.8530","86.9750","87.0665","86.7835","68.09K","-0.10%"
"09-09-2021","86.9370","87.2045","87.2830","86.8220","66.76K","-0.24%"
"08-09-2021","87.1430","86.9630","87.3715","86.8945","85.10K","0.24%"
"07-09-2021","86.9380","86.7440","87.2305","86.7255","77.40K","0.25%"
"06-09-2021","86.7230","86.7135","86.8055","86.6245","51.96K","0.01%"
"03-09-2021","86.7170","86.6910","86.9800","86.5890","88.97K","0.06%"
"02-09-2021","86.6650","86.4340","86.7090","86.3605","67.08K","0.30%"
"01-09-2021","86.4060","86.1550","86.5550","86.0130","80.95K","0.32%"
"31-08-2021","86.1290","86.4705","86.7375","86.0525","75.30K","-0.37%"
"30-08-2021","86.4480","86.6490","86.8515","86.3600","58.01K","-0.23%"
"27-08-2021","86.6430","87.1470","87.2935","86.4435","117.00K","-0.55%"
"26-08-2021","87.1260","87.2500","87.4300","87.0595","78.38K","-0.12%"
"25-08-2021","87.2270","87.1400","87.3940","87.0045","79.24K","0.11%"
"24-08-2021","87.1290","87.0790","87.2495","86.9520","49.81K","0.10%"
"23-08-2021","87.0390","86.9475","87.1520","86.8925","57.98K","0.10%"
"20-08-2021","86.9560","86.8390","87.0385","86.7420","62.61K","0.16%"
"19-08-2021","86.8200","87.0010","87.0860","86.7340","78.31K","-0.19%"
"18-08-2021","86.9820","87.0930","87.2190","86.8515","72.93K","-0.11%"
"17-08-2021","87.0800","87.3425","87.5800","87.0750","68.67K","-0.30%"
"16-08-2021","87.3380","87.5610","87.6165","87.2990","68.70K","-0.23%"
"13-08-2021","87.5350","87.1565","87.6465","87.1440","64.49K","0.43%"
"12-08-2021","87.1580","87.1690","87.2725","86.9710","75.99K","0.01%"
"11-08-2021","87.1510","87.2380","87.3035","87.0425","68.43K","-0.08%"
"10-08-2021","87.2170","87.4340","87.4525","87.1290","114.45K","-0.23%"
"09-08-2021","87.4170","87.3235","87.5195","87.1715","79.13K","0.13%"
"06-08-2021","87.3060","87.6905","87.7920","87.2045","66.52K","-0.42%"
"05-08-2021","87.6730","87.8015","87.9775","87.6610","80.04K","-0.09%"
"04-08-2021","87.7550","88.0920","88.2460","87.7560","75.56K","-0.35%"
"03-08-2021","88.0590","88.2455","88.3570","88.0105","61.36K","-0.20%"
"02-08-2021","88.2360","88.2015","88.4535","88.1825","50.11K","0.00%"
"30-07-2021","88.2380","88.2660","88.6405","88.1050","65.00K","-0.01%"
"29-07-2021","88.2480","88.2455","88.3070","87.9970","84.79K","0.04%"
"28-07-2021","88.2110","88.0410","88.2860","87.7090","97.76K","0.23%"
"27-07-2021","88.0120","87.7510","88.2240","87.6635","69.23K","0.35%"
"26-07-2021","87.7020","87.6600","87.9185","87.5615","53.75K","0.12%"
"23-07-2021","87.5980","87.6260","87.7830","87.4880","75.35K","-0.03%"
"22-07-2021","87.6280","87.8510","88.0420","87.5365","66.09K","-0.23%"
"21-07-2021","87.8340","87.8170","87.9445","87.6300","64.86K","0.05%"
"20-07-2021","87.7890","88.3395","88.4705","87.6985","102.43K","-0.59%"
"19-07-2021","88.3090","88.0995","88.5620","88.0435","81.43K","0.27%"
"16-07-2021","88.0720","88.0735","88.1850","87.9610","75.57K","0.03%"
"15-07-2021","88.0470","88.1500","88.3435","87.9350","78.23K","-0.09%"
"14-07-2021","88.1230","87.8490","88.2575","87.8125","57.83K","0.34%"
"13-07-2021","87.8220","88.4255","88.5025","87.7960","62.25K","-0.64%"
"12-07-2021","88.3850","88.4310","88.6045","88.2755","78.37K","-0.06%"
"09-07-2021","88.4360","88.5220","88.5825","88.2375","55.55K","-0.07%"
"08-07-2021","88.4950","88.2040","88.7750","88.0550","63.72K","0.37%"
"07-07-2021","88.1700","88.1965","88.4605","88.0710","63.21K","0.00%"
"06-07-2021","88.1710","88.1630","88.4250","88.0660","95.35K","0.07%"
"05-07-2021","88.1130","88.3930","88.4610","88.0825","55.77K","-0.33%"
"02-07-2021","88.4010","88.3595","88.6140","88.1740","67.35K","0.07%"
"01-07-2021","88.3390","88.1895","88.5785","88.0170","57.34K","0.21%"
"30-06-2021","88.1540","88.3945","88.6200","88.0470","62.81K","-0.24%"
"29-06-2021","88.3680","88.5805","88.6290","88.2665","59.52K","-0.22%"
"28-06-2021","88.5600","88.5815","88.7140","88.4045","52.99K","0.01%"
"25-06-2021","88.5550","88.5200","88.7850","88.4295","65.66K","0.07%"
"24-06-2021","88.4970","88.4385","88.6670","88.3760","81.80K","0.10%"
"23-06-2021","88.4120","88.7545","88.7940","88.3795","68.51K","-0.36%"
"22-06-2021","88.7350","88.3525","88.8620","88.0965","82.11K","0.47%"
"21-06-2021","88.3180","87.9655","88.4750","87.8470","112.37K","0.49%"
"18-06-2021","87.8830","88.3410","88.4860","87.8335","104.40K","-0.47%"
"17-06-2021","88.2970","87.9005","88.6155","87.8090","90.68K","0.47%"
"16-06-2021","87.8800","88.9635","89.0535","87.8820","81.87K","-1.18%"
"15-06-2021","88.9300","88.6930","89.0325","88.6530","63.72K","0.29%"
"14-06-2021","88.6720","88.6995","88.8280","88.4565","51.67K","0.01%"
"11-06-2021","88.6640","88.9385","89.0460","88.5475","81.64K","-0.29%"
"10-06-2021","88.9190","88.8995","89.0875","88.7225","79.84K","0.05%"
"09-06-2021","88.8750","88.8080","89.1295","88.7580","60.22K","0.10%"
"08-06-2021","88.7870","88.7535","88.9315","88.5810","60.95K","0.08%"
"07-06-2021","88.7190","88.6680","88.8430","88.4320","49.94K","0.10%"
"04-06-2021","88.6340","88.5965","88.7825","88.3490","67.80K","0.09%"
"03-06-2021","88.5540","89.0840","89.3260","88.4745","64.42K","-0.57%"
"02-06-2021","89.0650","88.9975","89.5805","88.9300","72.39K","0.11%"
"01-06-2021","88.9690","88.6685","89.2685","88.6360","78.90K","0.37%"
"31-05-2021","88.6450","88.2825","88.7080","88.2210","79.34K","0.43%"
"28-05-2021","88.2630","88.6625","88.6810","87.9905","69.22K","-0.43%"
"27-05-2021","88.6430","88.6665","88.7580","88.4005","90.33K","0.00%"
"26-05-2021","88.6460","89.1850","89.2360","88.5900","82.37K","-0.59%"
"25-05-2021","89.1680","88.9605","89.2795","88.9385","96.64K","0.24%"
"24-05-2021","88.9550","88.7900","89.1355","88.7015","92.08K","0.31%"
"21-05-2021","88.6840","89.2865","89.4020","88.5620","100.70K","-0.65%"
"20-05-2021","89.2620","89.1160","89.3230","89.0315","103.58K","0.17%"
"19-05-2021","89.1110","89.2880","89.6195","88.9530","99.80K","-0.17%"
"18-05-2021","89.2670","89.1240","89.3560","88.8615","92.41K","0.18%"
"17-05-2021","89.1030","88.9860","89.2055","88.7760","86.68K","0.14%"
"14-05-2021","88.9740","88.7640","89.0630","88.6095","78.26K","0.27%"
"13-05-2021","88.7370","88.7680","89.0665","88.6280","99.80K","-0.02%"
"12-05-2021","88.7580","89.1360","89.2210","88.6705","104.27K","-0.40%"
"11-05-2021","89.1150","89.0995","89.4560","88.9720","122.46K","0.03%"
"10-05-2021","89.0880","89.0840","89.3775","89.0075","115.10K","-0.01%"
"07-05-2021","89.0960","88.8120","89.2440","88.6235","93.24K","0.34%"
"06-05-2021","88.7910","88.6090","89.0200","88.5225","112.41K","0.22%"
"05-05-2021","88.5970","88.6200","88.9025","88.5080","126.00K","-0.01%"
"04-05-2021","88.6080","89.0565","89.0795","88.5905","120.70K","-0.47%"
"03-05-2021","89.0220","89.1440","89.3545","88.9770","72.46K","0.03%"
"30-04-2021","88.9930","89.7795","89.9325","88.9675","99.01K","-0.88%"
"29-04-2021","89.7820","90.3300","90.5130","89.6015","109.25K","-0.58%"
"28-04-2021","90.3030","90.1940","90.4010","89.6825","91.66K","0.16%"
"27-04-2021","90.1600","90.3060","90.4095","89.9595","122.12K","-0.12%"
"26-04-2021","90.2660","90.6165","90.7965","90.2530","98.70K","-0.42%"
"23-04-2021","90.6460","90.2570","90.6690","90.0005","97.02K","0.44%"
"22-04-2021","90.2450","90.7905","90.8745","90.0915","116.29K","-0.57%"
"21-04-2021","90.7620","90.7530","90.9210","90.5310","117.32K","0.06%"
"20-04-2021","90.7050","90.1015","90.9265","89.9035","111.40K","0.71%"
"19-04-2021","90.0670","89.3290","90.2145","89.0155","84.57K","0.85%"
"16-04-2021","89.3090","89.4290","89.4955","88.9110","109.46K","-0.10%"
"15-04-2021","89.4020","89.9220","90.2160","89.4110","129.95K","-0.55%"
"14-04-2021","89.8950","89.9330","90.0255","89.7625","109.50K","-0.02%"
"13-04-2021","89.9130","89.3210","90.0070","89.1820","105.16K","0.69%"
"12-04-2021","89.2940","88.8670","89.5360","88.8180","100.15K","0.41%"
"09-04-2021","88.9270","88.8430","89.1485","88.6795","85.78K","0.11%"
"08-04-2021","88.8300","88.2525","89.0120","88.1010","88.86K","0.65%"
"07-04-2021","88.2560","87.2700","88.6585","87.1605","107.99K","1.14%"
"06-04-2021","87.2650","86.6190","87.2955","86.4325","83.96K","0.81%"
"05-04-2021","86.5680","86.3080","86.6665","86.0265","41.04K","0.31%"
"02-04-2021","86.2980","86.3625","86.4655","86.1870","49.28K","-0.05%"
"01-04-2021","86.3380","85.8070","86.3880","85.7335","115.00K","0.66%"
"31-03-2021","85.7750","86.0485","86.2905","85.7225","111.20K","-0.29%"
"30-03-2021","86.0280","85.5890","86.4015","85.5500","75.75K","0.54%"
"29-03-2021","85.5660","85.6495","85.7745","85.3665","84.94K","-0.07%"
"26-03-2021","85.6220","85.4795","85.7490","85.2475","104.39K","0.17%"
"25-03-2021","85.4770","85.7565","85.9520","85.4650","113.45K","-0.31%"
"24-03-2021","85.7430","85.9845","86.1160","85.7275","128.90K","-0.25%"
"23-03-2021","85.9570","86.3710","86.4440","85.9160","98.64K","-0.47%"
"22-03-2021","86.3590","86.1640","86.4610","85.9515","101.76K","0.21%"
"19-03-2021","86.1790","86.6225","86.6690","86.0965","110.85K","-0.50%"
"18-03-2021","86.6100","86.9315","87.0005","86.5150","101.35K","-0.34%"
"17-03-2021","86.9090","86.3365","86.9825","86.2485","103.76K","0.72%"
"16-03-2021","86.2870","86.5270","86.6630","86.1985","99.17K","-0.26%"
"15-03-2021","86.5140","86.8795","86.9990","86.3500","99.07K","-0.41%"
"12-03-2021","86.8670","87.1165","87.1640","86.6290","109.70K","-0.28%"
"11-03-2021","87.1120","86.7455","87.1710","86.6330","106.44K","0.45%"
"10-03-2021","86.7190","86.6035","86.9375","86.4740","116.12K","0.16%"
"09-03-2021","86.5770","86.9095","86.9555","86.5810","132.37K","-0.33%"
"08-03-2021","86.8680","87.2575","87.3375","86.8535","124.32K","-0.39%"
"05-03-2021","87.2090","87.0540","87.5505","86.9305","123.78K","0.20%"
"04-03-2021","87.0320","87.9910","88.0875","87.0035","132.20K","-1.06%"
"03-03-2021","87.9680","88.5820","88.6085","87.7315","127.39K","-0.66%"
"02-03-2021","88.5520","88.4455","88.6520","88.0740","119.35K","0.15%"
"01-03-2021","88.4200","89.3085","89.4790","88.3245","140.96K","-0.93%"
"26-02-2021","89.2510","88.5710","89.7820","88.2980","160.24K","0.78%"
"25-02-2021","88.5630","88.0625","89.0400","87.8935","181.37K","0.62%"
"24-02-2021","88.0210","87.9440","88.1670","87.7090","132.83K","0.10%"
"23-02-2021","87.9340","88.0705","88.2085","87.8900","151.90K","-0.12%"
"22-02-2021","88.0440","87.9330","88.1935","87.5645","113.58K","0.15%"
"19-02-2021","87.9090","87.7625","88.0595","87.6865","130.86K","0.20%"
"18-02-2021","87.7350","87.6785","87.8650","87.5170","129.98K","0.10%"
"17-02-2021","87.6470","88.2165","88.2550","87.5550","138.05K","-0.62%"
"16-02-2021","88.1970","88.0815","88.5015","88.0525","127.17K","0.14%"
"15-02-2021","88.0710","88.0070","88.2690","87.9565","89.35K","0.14%"
"12-02-2021","87.9520","88.1975","88.3190","87.7350","98.48K","-0.25%"
"11-02-2021","88.1710","88.2130","88.4755","88.0955","105.54K","-0.02%"
"10-02-2021","88.1920","88.2940","88.4695","88.1930","127.85K","-0.10%"
"09-02-2021","88.2770","87.8755","88.3370","87.8440","137.07K","0.47%"
"08-02-2021","87.8660","87.6835","87.9650","87.5865","153.60K","0.21%"
"05-02-2021","87.6780","87.2835","87.7460","87.1525","110.88K","0.48%"
"04-02-2021","87.2630","87.6295","87.7635","87.2375","122.37K","-0.40%"
"03-02-2021","87.6120","87.8180","87.9335","87.4600","147.00K","-0.19%"
"02-02-2021","87.7780","88.1715","88.3910","87.6125","172.34K","-0.44%"
"01-02-2021","88.1630","88.5085","88.7335","88.1570","157.78K","-0.32%"
"29-01-2021","88.4440","88.4190","88.5855","88.2280","186.88K","0.05%"
"28-01-2021","88.4000","88.4875","88.6265","88.2865","210.41K","-0.09%"
"27-01-2021","88.4760","88.6685","88.7605","88.0955","162.16K","-0.19%"
"26-01-2021","88.6440","88.5710","88.7580","88.4665","115.47K","0.10%"
"25-01-2021","88.5520","88.8080","88.9100","88.4085","115.73K","-0.27%"
"22-01-2021","88.7950","88.7605","89.0040","88.7230","114.44K","0.07%"
"21-01-2021","88.7340","88.2710","88.8310","88.2450","125.00K","0.55%"
"20-01-2021","88.2500","88.7710","88.9380","88.1330","118.09K","-0.56%"
"19-01-2021","88.7500","88.3965","88.8835","88.3635","104.59K","0.43%"
"18-01-2021","88.3730","88.3775","88.5100","88.2280","97.65K","0.07%"
"15-01-2021","88.3140","88.8250","88.8815","88.2970","110.81K","-0.57%"
"14-01-2021","88.8240","88.9565","89.0515","88.5555","107.56K","-0.13%"
"13-01-2021","88.9410","89.4005","89.4595","88.7165","110.09K","-0.47%"
"12-01-2021","89.3650","89.2850","89.4110","88.9070","123.85K","0.14%"
"11-01-2021","89.2410","89.5995","89.6730","89.2180","134.27K","-0.40%"
"08-01-2021","89.5950","90.1210","90.1550","89.3840","106.49K","-0.55%"
"07-01-2021","90.0860","90.1515","90.3245","89.8150","115.48K","-0.04%"
"06-01-2021","90.1180","89.9210","90.2880","89.7405","115.28K","0.23%"
"05-01-2021","89.9080","89.5010","90.0405","89.4900","114.62K","0.46%"
"04-01-2021","89.4960","89.4390","89.8550","89.2420","106.74K","0.85%"
"01-01-2021","88.7460","89.2430","89.3180","88.7665","0.50K","-0.51%"